-- MySQL dump 10.13  Distrib 8.0.38, for Win64 (x86_64)
--
-- Host: localhost    Database: hospital_db
-- ------------------------------------------------------
-- Server version	8.0.39

/*!40101 SET @OLD_CHARACTER_SET_CLIENT=@@CHARACTER_SET_CLIENT */;
/*!40101 SET @OLD_CHARACTER_SET_RESULTS=@@CHARACTER_SET_RESULTS */;
/*!40101 SET @OLD_COLLATION_CONNECTION=@@COLLATION_CONNECTION */;
/*!50503 SET NAMES utf8 */;
/*!40103 SET @OLD_TIME_ZONE=@@TIME_ZONE */;
/*!40103 SET TIME_ZONE='+00:00' */;
/*!40014 SET @OLD_UNIQUE_CHECKS=@@UNIQUE_CHECKS, UNIQUE_CHECKS=0 */;
/*!40014 SET @OLD_FOREIGN_KEY_CHECKS=@@FOREIGN_KEY_CHECKS, FOREIGN_KEY_CHECKS=0 */;
/*!40101 SET @OLD_SQL_MODE=@@SQL_MODE, SQL_MODE='NO_AUTO_VALUE_ON_ZERO' */;
/*!40111 SET @OLD_SQL_NOTES=@@SQL_NOTES, SQL_NOTES=0 */;

--
-- Table structure for table `admissions`
--

DROP TABLE IF EXISTS `admissions`;
/*!40101 SET @saved_cs_client     = @@character_set_client */;
/*!50503 SET character_set_client = utf8mb4 */;
CREATE TABLE `admissions` (
  `admission_id` int NOT NULL AUTO_INCREMENT,
  `patient_id` int NOT NULL,
  `admission_date` date NOT NULL,
  `service` varchar(50) NOT NULL,
  `primary_diagnosis` varchar(50) NOT NULL,
  PRIMARY KEY (`admission_id`),
  KEY `p_id_idx` (`patient_id`),
  CONSTRAINT `p_id` FOREIGN KEY (`patient_id`) REFERENCES `patients` (`patient_id`) ON DELETE CASCADE ON UPDATE CASCADE
) ENGINE=InnoDB AUTO_INCREMENT=721 DEFAULT CHARSET=utf8mb4 COLLATE=utf8mb4_0900_ai_ci;
/*!40101 SET character_set_client = @saved_cs_client */;

--
-- Dumping data for table `admissions`
--

LOCK TABLES `admissions` WRITE;
/*!40000 ALTER TABLE `admissions` DISABLE KEYS */;
INSERT INTO `admissions` VALUES (1,9,'2018-01-01','Cardiology','AMI'),(2,30,'2018-01-02','General Medicine','Stroke'),(3,49,'2018-01-03','General Medicine','Stroke'),(4,70,'2018-01-04','General Medicine','Stroke'),(5,87,'2018-01-05','General Medicine','Stroke'),(6,94,'2018-01-06','General Medicine','Stroke'),(7,106,'2018-01-07','General Medicine','Stroke'),(8,114,'2018-01-08','ICU','Stroke'),(9,131,'2018-01-09','ICU','Stroke'),(10,139,'2018-01-10','ICU','Stroke'),(11,153,'2018-01-11','Cardiology','AMI'),(12,159,'2018-01-12','Neurology','Stroke'),(13,167,'2018-01-13','Hospitalist','Diabetes'),(14,185,'2018-01-14','Hospitalist','Diabetes'),(15,191,'2018-01-15','Orthopeadics','Hip Fracture'),(16,206,'2018-01-16','Cardiology','AMI'),(17,217,'2018-01-17','General Medicine','Stroke'),(18,14,'2018-01-18','General Medicine','Stroke'),(19,238,'2018-01-19','General Medicine','Stroke'),(20,243,'2018-01-20','General Medicine','Stroke'),(21,265,'2018-01-21','General Medicine','Stroke'),(22,277,'2018-01-22','General Medicine','Stroke'),(23,280,'2018-01-23','ICU','Stroke'),(24,291,'2018-01-24','ICU','Stroke'),(25,303,'2018-01-25','ICU','Stroke'),(26,316,'2018-01-26','Cardiology','AMI'),(27,335,'2018-01-27','Neurology','Stroke'),(28,342,'2018-01-28','Hospitalist','Diabetes'),(29,361,'2018-01-29','Hospitalist','Diabetes'),(30,372,'2018-01-30','Orthopeadics','Hip Fracture'),(31,405,'2018-01-31','Cardiology','AMI'),(32,412,'2018-02-01','General Medicine','Stroke'),(33,424,'2018-02-02','General Medicine','Stroke'),(34,437,'2018-02-03','General Medicine','Stroke'),(35,449,'2018-02-04','General Medicine','Stroke'),(36,454,'2018-02-05','General Medicine','Stroke'),(37,464,'2018-02-06','General Medicine','Stroke'),(38,480,'2018-02-07','ICU','Stroke'),(39,490,'2018-02-08','ICU','Pneumonia'),(40,498,'2018-02-09','ICU','Pneumonia'),(41,521,'2018-02-10','Cardiology','AMI'),(42,533,'2018-02-11','Neurology','Stroke'),(43,545,'2018-02-12','Hospitalist','Diabetes'),(44,557,'2018-02-13','Hospitalist','Diabetes'),(45,570,'2018-02-14','Orthopeadics','Hip Fracture'),(46,581,'2018-02-15','Cardiology','AMI'),(47,602,'2018-02-16','General Medicine','Stroke'),(48,611,'2018-02-17','General Medicine','Stroke'),(49,641,'2018-02-18','General Medicine','Fever'),(50,656,'2018-02-19','General Medicine','Fever'),(51,679,'2018-02-20','General Medicine','Fever'),(52,712,'2018-02-21','General Medicine','Fever'),(53,730,'2018-02-22','ICU','Pneumonia'),(54,11,'2018-01-01','Hospitalist','Pneumonia'),(55,23,'2018-01-02','Hospitalist','Pneumonia'),(56,51,'2018-01-03','Cardiology','AMI'),(57,56,'2018-01-04','Neurology','Stroke'),(58,78,'2018-01-05','Hospitalist','Diabetes'),(59,96,'2018-01-06','Hospitalist','Diabetes'),(60,105,'2018-01-07','Orthopeadics','Hip Fracture'),(61,111,'2018-01-08','Cardiology','AMI'),(62,122,'2018-01-09','General Medicine','Fever'),(63,133,'2018-01-10','General Medicine','Fever'),(64,149,'2018-01-11','General Medicine','Fever'),(65,160,'2018-01-12','General Medicine','Fever'),(66,170,'2018-01-13','General Medicine','Fever'),(67,181,'2018-01-14','General Medicine','Fever'),(68,194,'2018-01-15','ICU','Pneumonia'),(69,204,'2018-01-16','ICU','Pneumonia'),(70,215,'2018-01-17','ICU','Pneumonia'),(71,225,'2018-01-18','Cardiology','AMI'),(72,242,'2018-01-19','Neurology','Stroke'),(73,247,'2018-01-20','Hospitalist','Diabetes'),(74,254,'2018-01-21','Hospitalist','Diabetes'),(75,272,'2018-01-22','Orthopeadics','Hip Fracture'),(76,289,'2018-01-23','Cardiology','AMI'),(77,296,'2018-01-24','General Medicine','Flu'),(78,305,'2018-01-25','General Medicine','Flu'),(79,321,'2018-01-26','General Medicine','Flu'),(80,337,'2018-01-27','General Medicine','Flu'),(81,344,'2018-01-28','General Medicine','Flu'),(82,360,'2018-01-29','General Medicine','Flu'),(83,371,'2018-01-30','ICU','Pneumonia'),(84,404,'2018-01-31','ICU','Pneumonia'),(85,408,'2018-02-01','ICU','Pneumonia'),(86,427,'2018-02-02','Cardiology','AMI'),(87,434,'2018-02-03','Neurology','Stroke'),(88,445,'2018-02-04','Hospitalist','Broken Leg'),(89,456,'2018-02-05','Hospitalist','Broken Leg'),(90,463,'2018-02-06','Orthopeadics','Hip Fracture'),(91,476,'2018-02-07','Cardiology','AMI'),(92,493,'2018-02-08','General Medicine','Flu'),(93,257,'2018-02-09','General Medicine','Flu'),(94,515,'2018-02-10','General Medicine','Flu'),(95,530,'2018-02-11','General Medicine','Flu'),(96,540,'2018-02-12','General Medicine','Flu'),(97,215,'2018-02-13','General Medicine','Flu'),(98,574,'2018-02-14','ICU','Pneumonia'),(99,587,'2018-02-15','ICU','Pneumonia'),(100,597,'2018-02-16','ICU','Pneumonia'),(101,610,'2018-02-17','Cardiology','AMI'),(102,642,'2018-02-18','Neurology','Stroke'),(103,653,'2018-02-19','Hospitalist','Broken Leg'),(104,695,'2018-02-20','Hospitalist','Hypertension'),(105,702,'2018-02-21','Orthopeadics','Hip Fracture'),(106,728,'2018-02-22','Cardiology','AMI'),(107,13,'2018-01-01','Hospitalist','Flu'),(108,24,'2018-01-02','General Medicine','Flu'),(109,46,'2018-01-03','General Medicine','Flu'),(110,62,'2018-01-04','General Medicine','Flu'),(111,84,'2018-01-05','General Medicine','Flu'),(112,91,'2018-01-06','General Medicine','Laceration'),(113,100,'2018-01-07','ICU','Pneumonia'),(114,113,'2018-01-08','ICU','Pneumonia'),(115,127,'2018-01-09','ICU','Pneumonia'),(116,137,'2018-01-10','Cardiology','AMI'),(117,152,'2018-01-11','Neurology','Stroke'),(118,165,'2018-01-12','Hospitalist','Hypertension'),(119,174,'2018-01-13','Hospitalist','Hypertension'),(120,182,'2018-01-14','Orthopeadics','Hip Fracture'),(121,197,'2018-01-15','ICU','AMI'),(122,202,'2018-01-16','General Medicine','Laceration'),(123,216,'2018-01-17','General Medicine','Laceration'),(124,223,'2018-01-18','General Medicine','Laceration'),(125,237,'2018-01-19','General Medicine','Laceration'),(126,246,'2018-01-20','General Medicine','Laceration'),(127,256,'2018-01-21','General Medicine','Laceration'),(128,273,'2018-01-22','ICU','Pneumonia'),(129,285,'2018-01-23','ICU','Pneumonia'),(130,301,'2018-01-24','ICU','Pneumonia'),(131,307,'2018-01-25','Cardiology','AMI'),(132,317,'2018-01-26','Neurology','Stroke'),(133,327,'2018-01-27','Hospitalist','Hypertension'),(134,341,'2018-01-28','Hospitalist','Hypertension'),(135,359,'2018-01-29','Orthopeadics','Hip Fracture'),(136,362,'2018-01-30','Cardiology','AMI'),(137,375,'2018-01-31','General Medicine','Flu'),(138,417,'2018-02-01','General Medicine','Flu'),(139,425,'2018-02-02','General Medicine','Flu'),(140,14,'2018-01-01','Hospitalist','Kidney Failure'),(141,26,'2018-01-02','General Medicine','Kidney Failure'),(142,53,'2018-01-03','General Medicine','Kidney Failure'),(143,64,'2018-01-04','ICU','Pneumonia'),(144,83,'2018-01-05','ICU','Pneumonia'),(145,90,'2018-01-06','ICU','Pneumonia'),(146,16,'2018-01-01','Hospitalist','AMI'),(147,35,'2018-01-02','Neurology','Stroke'),(148,39,'2018-01-03','Hospitalist','Fever'),(149,72,'2018-01-04','Hospitalist','Fever'),(150,75,'2018-01-05','Orthopeadics','Hip Fracture'),(151,97,'2018-01-06','Cardiology','AMI'),(152,101,'2018-01-07','Cardiology','Kidney Failure'),(153,112,'2018-01-08','General Medicine','Kidney Failure'),(154,126,'2018-01-09','General Medicine','Pneumonia'),(155,143,'2018-01-10','General Medicine','Pneumonia'),(156,146,'2018-01-11','General Medicine','Pneumonia'),(157,164,'2018-01-12','General Medicine','Pneumonia'),(158,168,'2018-01-13','ICU','Pneumonia'),(159,183,'2018-01-14','ICU','Pneumonia'),(160,193,'2018-01-15','ICU','Pneumonia'),(161,208,'2018-01-16','Cardiology','AMI'),(162,214,'2018-01-17','Neurology','Stroke'),(163,228,'2018-01-18','Hospitalist','Fever'),(164,232,'2018-01-19','Hospitalist','Flu'),(165,248,'2018-01-20','Orthopeadics','Hip Fracture'),(166,258,'2018-01-21','Cardiology','AMI'),(167,274,'2018-01-22','General Medicine','Pneumonia'),(168,282,'2018-01-23','General Medicine','Pneumonia'),(169,297,'2018-01-24','General Medicine','Pneumonia'),(170,308,'2018-01-25','General Medicine','Pneumonia'),(171,323,'2018-01-26','General Medicine','Pneumonia'),(172,331,'2018-01-27','General Medicine','Pneumonia'),(173,338,'2018-01-28','ICU','Pneumonia'),(174,352,'2018-01-29','ICU','Pneumonia'),(175,363,'2018-01-30','ICU','Pneumonia'),(176,402,'2018-01-31','Cardiology','AMI'),(177,409,'2018-02-01','Neurology','Stroke'),(178,26,'2018-02-02','Hospitalist','Flu'),(179,431,'2018-02-03','Hospitalist','Flu'),(180,451,'2018-02-04','Orthopeadics','Hip Fracture'),(181,459,'2018-02-05','Neurology','AMI'),(182,469,'2018-02-06','Neurology','Pneumonia'),(183,474,'2018-02-07','Neurology','Pneumonia'),(184,484,'2018-02-08','Neurology','Pneumonia'),(185,504,'2018-02-09','Neurology','Pneumonia'),(186,511,'2018-02-10','General Medicine','Pneumonia'),(187,529,'2018-02-11','General Medicine','Pneumonia'),(188,538,'2018-02-12','ICU','Pneumonia'),(189,555,'2018-02-13','ICU','Pneumonia'),(190,572,'2018-02-14','Neurology','Pneumonia'),(191,580,'2018-02-15','Neurology','AMI'),(192,601,'2018-02-16','Neurology','Stroke'),(193,627,'2018-02-17','Hospitalist','Flu'),(194,631,'2018-02-18','Hospitalist','Flu'),(195,658,'2018-02-19','Orthopeadics','Hip Fracture'),(196,684,'2018-02-20','Cardiology','AMI'),(197,714,'2018-02-21','General Medicine','Pneumonia'),(198,722,'2018-02-22','General Medicine','Pneumonia'),(199,18,'2018-01-01','Hospitalist','Pneumonia'),(200,29,'2018-01-02','General Medicine','Pneumonia'),(201,43,'2018-01-03','General Medicine','Pneumonia'),(202,66,'2018-01-04','General Medicine','Pneumonia'),(203,85,'2018-01-05','ICU','Stroke'),(204,92,'2018-01-06','ICU','AMI'),(205,110,'2018-01-07','ICU','AMI'),(206,121,'2018-01-08','Cardiology','Heart Failure'),(207,123,'2018-01-09','Neurology','Stroke'),(208,23,'2018-01-10','Hospitalist','Flu'),(209,151,'2018-01-11','Hospitalist','Flu'),(210,158,'2018-01-12','Orthopeadics','Hip Fracture'),(211,172,'2018-01-13','Cardiology','Heart Failure'),(212,179,'2018-01-14','General Medicine','Pneumonia'),(213,188,'2018-01-15','General Medicine','Pneumonia'),(214,199,'2018-01-16','General Medicine','Diabetes'),(215,220,'2018-01-17','General Medicine','Diabetes'),(216,227,'2018-01-18','General Medicine','Diabetes'),(217,34,'2018-01-19','General Medicine','Diabetes'),(218,244,'2018-01-20','ICU','Heart Failure'),(219,264,'2018-01-21','ICU','Heart Failure'),(220,267,'2018-01-22','ICU','Heart Failure'),(221,284,'2018-01-23','Cardiology','Heart Failure'),(222,292,'2018-01-24','Neurology','Stroke'),(223,310,'2018-01-25','Hospitalist','Flu'),(224,318,'2018-01-26','Hospitalist','Flu'),(225,333,'2018-01-27','Orthopeadics','Hip Fracture'),(226,345,'2018-01-28','Cardiology','Heart Failure'),(227,353,'2018-01-29','General Medicine','Diabetes'),(228,367,'2018-01-30','General Medicine','Diabetes'),(229,401,'2018-01-31','General Medicine','Diabetes'),(230,416,'2018-02-01','General Medicine','Diabetes'),(231,420,'2018-02-02','General Medicine','Diabetes'),(232,432,'2018-02-03','General Medicine','Diabetes'),(233,450,'2018-02-04','ICU','Heart Failure'),(234,455,'2018-02-05','ICU','Heart Failure'),(235,466,'2018-02-06','Neurology','Heart Failure'),(236,479,'2018-02-07','Neurology','Heart Failure'),(237,488,'2018-02-08','Neurology','Stroke'),(238,503,'2018-02-09','Neurology','Flu'),(239,513,'2018-02-10','Neurology','Flu'),(240,535,'2018-02-11','Orthopeadics','Hip Fracture'),(241,542,'2018-02-12','Cardiology','Heart Failure'),(242,561,'2018-02-13','General Medicine','Diabetes'),(243,566,'2018-02-14','General Medicine','Diabetes'),(244,590,'2018-02-15','General Medicine','Diabetes'),(245,598,'2018-02-16','General Medicine','Diabetes'),(246,626,'2018-02-17','General Medicine','Diabetes'),(247,635,'2018-02-18','General Medicine','Diabetes'),(248,663,'2018-02-19','ICU','Heart Failure'),(249,694,'2018-02-20','ICU','Heart Failure'),(250,701,'2018-02-21','ICU','Heart Failure'),(251,729,'2018-02-22','Cardiology','Heart Failure'),(252,19,'2018-01-01','Hospitalist','Stroke'),(253,21,'2018-01-02','Hospitalist','Flu'),(254,47,'2018-01-03','Hospitalist','Flu'),(255,58,'2018-01-04','Orthopeadics','Hip Fracture'),(256,81,'2018-01-05','Cardiology','Heart Failure'),(257,93,'2018-01-06','Cardiology','Broken Leg'),(258,103,'2018-01-07','Cardiology','Broken Leg'),(259,116,'2018-01-08','Cardiology','Broken Leg'),(260,125,'2018-01-09','ICU','Hypertension'),(261,138,'2018-01-10','ICU','Hypertension'),(262,144,'2018-01-11','ICU','Hypertension'),(263,156,'2018-01-12','ICU','Heart Failure'),(264,176,'2018-01-13','ICU','Heart Failure'),(265,186,'2018-01-14','ICU','Heart Failure'),(266,192,'2018-01-15','ICU','Heart Failure'),(267,203,'2018-01-16','Neurology','Stroke'),(268,210,'2018-01-17','Hospitalist','Flu'),(269,226,'2018-01-18','Hospitalist','Flu'),(270,239,'2018-01-19','Orthopeadics','Hip Fracture'),(271,249,'2018-01-20','Cardiology','Heart Failure'),(272,260,'2018-01-21','General Medicine','Hypertension'),(273,269,'2018-01-22','General Medicine','Hypertension'),(274,281,'2018-01-23','General Medicine','Hypertension'),(275,300,'2018-01-24','General Medicine','Hypertension'),(276,312,'2018-01-25','General Medicine','Hypertension'),(277,322,'2018-01-26','General Medicine','Hypertension'),(278,332,'2018-01-27','ICU','Heart Failure'),(279,340,'2018-01-28','ICU','Heart Failure'),(280,355,'2018-01-29','ICU','Heart Failure'),(281,366,'2018-01-30','Cardiology','Heart Failure'),(282,377,'2018-01-31','Neurology','Stroke'),(283,415,'2018-02-01','Hospitalist','Flu'),(284,423,'2018-02-02','Hospitalist','Flu'),(285,439,'2018-02-03','Orthopeadics','Hip Fracture'),(286,442,'2018-02-04','Cardiology','Heart Failure'),(287,453,'2018-02-05','General Medicine','Hypertension'),(288,468,'2018-02-06','Neurology','Hypertension'),(289,473,'2018-02-07','Neurology','Hypertension'),(290,483,'2018-02-08','Neurology','Hypertension'),(291,508,'2018-02-09','Neurology','Hypertension'),(292,517,'2018-02-10','Neurology','Hypertension'),(293,532,'2018-02-11','Neurology','Heart Failure'),(294,550,'2018-02-12','Neurology','Heart Failure'),(295,560,'2018-02-13','Neurology','Heart Failure'),(296,573,'2018-02-14','Neurology','Heart Failure'),(297,588,'2018-02-15','Neurology','Stroke'),(298,595,'2018-02-16','Hospitalist','Laceration'),(299,607,'2018-02-17','Hospitalist','Laceration'),(300,637,'2018-02-18','Orthopeadics','Hip Fracture'),(301,673,'2018-02-19','Cardiology','Heart Failure'),(302,681,'2018-02-20','General Medicine','Hypertension'),(303,221,'2018-02-21','General Medicine','Hypertension'),(304,736,'2018-02-22','General Medicine','Hypertension'),(305,15,'2018-01-01','Hospitalist','Hypertension'),(306,31,'2018-01-02','General Medicine','Hypertension'),(307,52,'2018-01-03','General Medicine','Hypertension'),(308,71,'2018-01-04','ICU','Pneumonia'),(309,74,'2018-01-05','ICU','Pneumonia'),(310,89,'2018-01-06','ICU','Pneumonia'),(311,107,'2018-01-07','Cardiology','Heart Failure'),(312,119,'2018-01-08','Neurology','Stroke'),(313,128,'2018-01-09','Hospitalist','Laceration'),(314,140,'2018-01-10','Hospitalist','Laceration'),(315,150,'2018-01-11','Orthopeadics','Hip Fracture'),(316,161,'2018-01-12','Cardiology','Heart Failure'),(317,175,'2018-01-13','General Medicine','Hypertension'),(318,187,'2018-01-14','General Medicine','Hypertension'),(319,190,'2018-01-15','General Medicine','Hypertension'),(320,209,'2018-01-16','General Medicine','Hypertension'),(321,211,'2018-01-17','General Medicine','Hypertension'),(322,222,'2018-01-18','General Medicine','Hypertension'),(323,236,'2018-01-19','ICU','Pneumonia'),(324,251,'2018-01-20','ICU','Pneumonia'),(325,262,'2018-01-21','ICU','Pneumonia'),(326,276,'2018-01-22','Cardiology','Heart Failure'),(327,288,'2018-01-23','Neurology','Stroke'),(328,293,'2018-01-24','Hospitalist','Laceration'),(329,313,'2018-01-25','Hospitalist','Laceration'),(330,319,'2018-01-26','Orthopeadics','Hip Fracture'),(331,328,'2018-01-27','Cardiology','Afib'),(332,348,'2018-01-28','General Medicine','Hypertension'),(333,356,'2018-01-29','General Medicine','Hypertension'),(334,364,'2018-01-30','General Medicine','Hypertension'),(335,300,'2018-01-31','General Medicine','Hypertension'),(336,407,'2018-02-01','General Medicine','Hypertension'),(337,429,'2018-02-02','General Medicine','Hypertension'),(338,435,'2018-02-03','ICU','Pneumonia'),(339,444,'2018-02-04','ICU','Pneumonia'),(340,460,'2018-02-05','ICU','Pneumonia'),(341,471,'2018-02-06','Cardiology','Afib'),(342,477,'2018-02-07','Neurology','Stroke'),(343,487,'2018-02-08','Hospitalist','Laceration'),(344,499,'2018-02-09','Hospitalist','Flu'),(345,510,'2018-02-10','Orthopeadics','Hip Fracture'),(346,537,'2018-02-11','Cardiology','Afib'),(347,539,'2018-02-12','General Medicine','Hypertension'),(348,556,'2018-02-13','General Medicine','Hypertension'),(349,567,'2018-02-14','General Medicine','Hypertension'),(350,585,'2018-02-15','General Medicine','Hypertension'),(351,603,'2018-02-16','General Medicine','Hypertension'),(352,609,'2018-02-17','General Medicine','Hypertension'),(353,650,'2018-02-18','ICU','Laceration'),(354,672,'2018-02-19','ICU','Stroke'),(355,10,'2018-01-01','ICU','Stroke'),(356,37,'2018-01-02','Cardiology','Afib'),(357,54,'2018-01-03','Neurology','Stroke'),(358,65,'2018-01-04','Hospitalist','Flu'),(359,82,'2018-01-05','Hospitalist','Flu'),(360,99,'2018-01-06','Orthopeadics','Knee Replacement'),(361,102,'2018-01-07','Cardiology','Afib'),(362,120,'2018-01-08','ICU','Hypertension'),(363,129,'2018-01-09','ICU','Fever'),(364,142,'2018-01-10','ICU','Fever'),(365,154,'2018-01-11','ICU','Fever'),(366,162,'2018-01-12','ICU','Flu'),(367,166,'2018-01-13','ICU','Flu'),(368,178,'2018-01-14','ICU','Spinal Cord Injury'),(369,198,'2018-01-15','ICU','Spinal Cord Injury'),(370,698,'2018-01-16','ICU','Pneumonia'),(371,219,'2018-01-17','Cardiology','Afib'),(372,221,'2018-01-18','Neurology','Stroke'),(373,241,'2018-01-19','Hospitalist','Kidney Failure'),(374,253,'2018-01-20','Hospitalist','Kidney Failure'),(375,261,'2018-01-21','Orthopeadics','Knee Replacement'),(376,268,'2018-01-22','Cardiology','Afib'),(377,279,'2018-01-23','General Medicine','Flu'),(378,294,'2018-01-24','General Medicine','Flu'),(379,304,'2018-01-25','General Medicine','Flu'),(380,320,'2018-01-26','General Medicine','Flu'),(381,326,'2018-01-27','General Medicine','Flu'),(382,349,'2018-01-28','General Medicine','Flu'),(383,351,'2018-01-29','ICU','Pneumonia'),(384,365,'2018-01-30','ICU','Pneumonia'),(385,376,'2018-01-31','ICU','Pneumonia'),(386,410,'2018-02-01','Cardiology','Afib'),(387,419,'2018-02-02','Neurology','Stroke'),(388,436,'2018-02-03','Hospitalist','Kidney Failure'),(389,1,'2018-01-01','Hospitalist','Kidney Failure'),(390,36,'2018-01-02','Orthopeadics','Knee Replacement'),(391,41,'2018-01-03','Cardiology','Afib'),(392,61,'2018-01-04','General Medicine','Flu'),(393,80,'2018-01-05','General Medicine','Flu'),(394,98,'2018-01-06','General Medicine','Flu'),(395,109,'2018-01-07','Cardiology','Flu'),(396,115,'2018-01-08','Cardiology','Flu'),(397,130,'2018-01-09','ICU','Flu'),(398,134,'2018-01-10','ICU','Pneumonia'),(399,147,'2018-01-11','ICU','Pneumonia'),(400,157,'2018-01-12','ICU','Pneumonia'),(401,169,'2018-01-13','ICU','Afib'),(402,184,'2018-01-14','ICU','Stroke'),(403,196,'2018-01-15','ICU','Kidney Failure'),(404,207,'2018-01-16','Hospitalist','Pneumonia'),(405,213,'2018-01-17','Orthopeadics','Knee Replacement'),(406,230,'2018-01-18','Cardiology','Afib'),(407,233,'2018-01-19','General Medicine','Flu'),(408,252,'2018-01-20','General Medicine','Flu'),(409,263,'2018-01-21','General Medicine','Flu'),(410,275,'2018-01-22','General Medicine','Laceration'),(411,287,'2018-01-23','General Medicine','Laceration'),(412,295,'2018-01-24','General Medicine','Laceration'),(413,302,'2018-01-25','ICU','Stroke'),(414,325,'2018-01-26','ICU','Stroke'),(415,336,'2018-01-27','ICU','Stroke'),(416,347,'2018-01-28','Cardiology','AMI'),(417,357,'2018-01-29','Neurology','Stroke'),(418,369,'2018-01-30','Hospitalist','Pneumonia'),(419,19,'2018-01-31','Hospitalist','Pneumonia'),(420,413,'2018-02-01','Orthopeadics','Knee Replacement'),(421,422,'2018-02-02','Cardiology','AMI'),(422,441,'2018-02-03','General Medicine','Laceration'),(423,446,'2018-02-04','General Medicine','Laceration'),(424,457,'2018-02-05','General Medicine','Laceration'),(425,467,'2018-02-06','General Medicine','Laceration'),(426,472,'2018-02-07','General Medicine','Flu'),(427,482,'2018-02-08','General Medicine','Flu'),(428,505,'2018-02-09','ICU','Stroke'),(429,522,'2018-02-10','ICU','Stroke'),(430,527,'2018-02-11','ICU','Stroke'),(431,543,'2018-02-12','Cardiology','AMI'),(432,552,'2018-02-13','Neurology','Migraine'),(433,577,'2018-02-14','Hospitalist','Pneumonia'),(434,7,'2018-01-01','Hospitalist','Pneumonia'),(435,22,'2018-01-02','Hospitalist','Knee Replacement'),(436,38,'2018-01-03','Cardiology','AMI'),(437,69,'2018-01-04','General Medicine','Flu'),(438,76,'2018-01-05','General Medicine','Kidney Failure'),(439,17,'2018-01-01','Hospitalist','Kidney Failure'),(440,25,'2018-01-02','General Medicine','Kidney Failure'),(441,50,'2018-01-03','General Medicine','Kidney Failure'),(442,68,'2018-01-04','General Medicine','Kidney Failure'),(443,77,'2018-01-05','ICU','Stroke'),(444,95,'2018-01-06','ICU','Stroke'),(445,108,'2018-01-07','ICU','Stroke'),(446,118,'2018-01-08','Cardiology','AMI'),(447,124,'2018-01-09','Neurology','Migraine'),(448,136,'2018-01-10','Hospitalist','Pneumonia'),(449,148,'2018-01-11','Hospitalist','Pneumonia'),(450,155,'2018-01-12','Orthopeadics','Knee Replacement'),(451,173,'2018-01-13','Cardiology','AMI'),(452,177,'2018-01-14','General Medicine','Pneumonia'),(453,115,'2018-01-15','General Medicine','Pneumonia'),(454,201,'2018-01-16','General Medicine','Pneumonia'),(455,212,'2018-01-17','General Medicine','Pneumonia'),(456,229,'2018-01-18','General Medicine','Pneumonia'),(457,240,'2018-01-19','General Medicine','Pneumonia'),(458,245,'2018-01-20','ICU','Pneumonia'),(459,259,'2018-01-21','ICU','Pneumonia'),(460,271,'2018-01-22','ICU','Pneumonia'),(461,283,'2018-01-23','Cardiology','AMI'),(462,298,'2018-01-24','Neurology','Migraine'),(463,306,'2018-01-25','Hospitalist','Pneumonia'),(464,314,'2018-01-26','Hospitalist','Pneumonia'),(465,334,'2018-01-27','Orthopeadics','Knee Replacement'),(466,343,'2018-01-28','Cardiology','AMI'),(467,354,'2018-01-29','General Medicine','Pneumonia'),(468,368,'2018-01-30','General Medicine','Pneumonia'),(469,400,'2018-01-31','General Medicine','Pneumonia'),(470,418,'2018-02-01','General Medicine','Pneumonia'),(471,428,'2018-02-02','General Medicine','Pneumonia'),(472,433,'2018-02-03','General Medicine','Pneumonia'),(473,448,'2018-02-04','ICU','Pneumonia'),(474,458,'2018-02-05','ICU','Pneumonia'),(475,465,'2018-02-06','ICU','Pneumonia'),(476,481,'2018-02-07','Cardiology','AMI'),(477,486,'2018-02-08','Neurology','Migraine'),(478,502,'2018-02-09','Hospitalist','Pneumonia'),(479,518,'2018-02-10','Hospitalist','Pneumonia'),(480,526,'2018-02-11','Orthopeadics','Knee Replacement'),(481,551,'2018-02-12','Cardiology','AMI'),(482,554,'2018-02-13','General Medicine','Pneumonia'),(483,578,'2018-02-14','General Medicine','Pneumonia'),(484,584,'2018-02-15','General Medicine','Pneumonia'),(485,594,'2018-02-16','General Medicine','Pneumonia'),(486,623,'2018-02-17','General Medicine','Pneumonia'),(487,643,'2018-02-18','General Medicine','Pneumonia'),(488,652,'2018-02-19','ICU','Pneumonia'),(489,693,'2018-02-20','ICU','Pneumonia'),(490,705,'2018-02-21','ICU','Pneumonia'),(491,721,'2018-02-22','Cardiology','AMI'),(492,619,'2018-02-17','Neurology','Migraine'),(493,629,'2018-02-18','Hospitalist','Pneumonia'),(494,659,'2018-02-19','Hospitalist','Pneumonia'),(495,677,'2018-02-20','Orthopeadics','Knee Replacement'),(496,720,'2018-02-21','Cardiology','AMI'),(497,244,'2018-02-22','General Medicine','Pneumonia'),(498,604,'2018-02-17','General Medicine','Pneumonia'),(499,648,'2018-02-18','General Medicine','Pneumonia'),(500,660,'2018-02-19','General Medicine','Pneumonia'),(501,682,'2018-02-20','General Medicine','Pneumonia'),(502,715,'2018-02-21','General Medicine','Pneumonia'),(503,725,'2018-02-22','ICU','Pneumonia'),(504,614,'2018-02-17','ICU','Pneumonia'),(505,646,'2018-02-18','ICU','Pneumonia'),(506,664,'2018-02-19','Cardiology','AMI'),(507,685,'2018-02-20','Neurology','Migraine'),(508,700,'2018-02-21','Hospitalist','Pneumonia'),(509,740,'2018-02-22','Hospitalist','Pneumonia'),(510,613,'2018-02-17','Orthopeadics','Knee Replacement'),(511,636,'2018-02-18','Cardiology','AMI'),(512,662,'2018-02-19','General Medicine','Diabetes'),(513,692,'2018-02-20','General Medicine','Diabetes'),(514,707,'2018-02-21','General Medicine','Diabetes'),(515,734,'2018-02-22','General Medicine','Diabetes'),(516,624,'2018-02-17','General Medicine','Diabetes'),(517,651,'2018-02-18','General Medicine','Diabetes'),(518,666,'2018-02-19','ICU','Pneumonia'),(519,683,'2018-02-20','ICU','Pneumonia'),(520,706,'2018-02-21','ICU','Pneumonia'),(521,738,'2018-02-22','Cardiology','AMI'),(522,617,'2018-02-17','Neurology','Migraine'),(523,634,'2018-02-18','Hospitalist','Pneumonia'),(524,670,'2018-02-19','Hospitalist','Pneumonia'),(525,680,'2018-02-20','Orthopeadics','Knee Replacement'),(526,699,'2018-02-21','Cardiology','AMI'),(527,732,'2018-02-22','General Medicine','Diabetes'),(528,615,'2018-02-17','General Medicine','Diabetes'),(529,633,'2018-02-18','General Medicine','Diabetes'),(530,665,'2018-02-19','General Medicine','Diabetes'),(531,427,'2018-02-20','General Medicine','Diabetes'),(532,711,'2018-02-21','General Medicine','Diabetes'),(533,737,'2018-02-22','ICU','Pneumonia'),(534,489,'2018-02-08','ICU','Pneumonia'),(535,496,'2018-02-09','ICU','Pneumonia'),(536,516,'2018-02-10','Cardiology','AMI'),(537,525,'2018-02-11','Neurology','Migraine'),(538,549,'2018-02-12','Hospitalist','Pneumonia'),(539,563,'2018-02-13','Hospitalist','Pneumonia'),(540,576,'2018-02-14','Orthopeadics','Knee Replacement'),(541,583,'2018-02-15','Cardiology','Heart Failure'),(542,600,'2018-02-16','General Medicine','Diabetes'),(543,618,'2018-02-17','General Medicine','Diabetes'),(544,647,'2018-02-18','General Medicine','Diabetes'),(545,668,'2018-02-19','General Medicine','Diabetes'),(546,697,'2018-02-20','General Medicine','Broken Leg'),(547,710,'2018-02-21','General Medicine','Broken Leg'),(548,739,'2018-02-22','ICU','Pneumonia'),(549,8,'2018-01-01','Hospitalist','Pneumonia'),(550,27,'2018-01-02','ICU','Pneumonia'),(551,45,'2018-01-03','Cardiology','Heart Failure'),(552,63,'2018-01-04','Neurology','Migraine'),(553,495,'2018-02-08','Hospitalist','Pneumonia'),(554,497,'2018-02-09','Hospitalist','Pneumonia'),(555,523,'2018-02-10','Orthopeadics','Knee Replacement'),(556,531,'2018-02-11','Cardiology','Heart Failure'),(557,548,'2018-02-12','General Medicine','Broken Leg'),(558,558,'2018-02-13','General Medicine','Hypertension'),(559,569,'2018-02-14','General Medicine','Hypertension'),(560,586,'2018-02-15','General Medicine','Hypertension'),(561,596,'2018-02-16','General Medicine','Hypertension'),(562,605,'2018-02-17','General Medicine','Hypertension'),(563,628,'2018-02-18','ICU','Pneumonia'),(564,667,'2018-02-19','ICU','Pneumonia'),(565,687,'2018-02-20','ICU','Pneumonia'),(566,717,'2018-02-21','Cardiology','Heart Failure'),(567,727,'2018-02-22','Neurology','Migraine'),(568,12,'2018-01-01','Hospitalist','Pneumonia'),(569,20,'2018-01-02','Hospitalist','Pneumonia'),(570,48,'2018-01-03','Orthopeadics','Knee Replacement'),(571,73,'2018-01-04','Cardiology','Heart Failure'),(572,494,'2018-02-08','General Medicine','Fever'),(573,506,'2018-02-09','General Medicine','Fever'),(574,520,'2018-02-10','General Medicine','Fever'),(575,534,'2018-02-11','General Medicine','Flu'),(576,546,'2018-02-12','General Medicine','Flu'),(577,565,'2018-02-13','General Medicine','Flu'),(578,579,'2018-02-14','ICU','Pneumonia'),(579,589,'2018-02-15','ICU','Pneumonia'),(580,284,'2018-02-16','ICU','Pneumonia'),(581,622,'2018-02-17','Cardiology','Heart Failure'),(582,638,'2018-02-18','Neurology','Migraine'),(583,675,'2018-02-19','Hospitalist','Pneumonia'),(584,676,'2018-02-20','Hospitalist','Diabetes'),(585,718,'2018-02-21','Orthopeadics','Knee Replacement'),(586,731,'2018-02-22','Cardiology','Heart Failure'),(587,5,'2018-01-01','General Medicine','Flu'),(588,32,'2018-01-02','General Medicine','Flu'),(589,44,'2018-01-03','General Medicine','Flu'),(590,67,'2018-01-04','General Medicine','Flu'),(591,485,'2018-02-08','General Medicine','Flu'),(592,507,'2018-02-09','General Medicine','Flu'),(593,512,'2018-02-10','ICU','Pneumonia'),(594,528,'2018-02-11','ICU','Pneumonia'),(595,541,'2018-02-12','ICU','Pneumonia'),(596,559,'2018-02-13','Cardiology','Heart Failure'),(597,575,'2018-02-14','Neurology','Migraine'),(598,591,'2018-02-15','Hospitalist','Diabetes'),(599,592,'2018-02-16','Hospitalist','Diabetes'),(600,621,'2018-02-17','Orthopeadics','Knee Replacement'),(601,639,'2018-02-18','Cardiology','Heart Failure'),(602,657,'2018-02-19','General Medicine','Flu'),(603,698,'2018-02-20','General Medicine','Flu'),(604,719,'2018-02-21','General Medicine','Flu'),(605,741,'2018-02-22','General Medicine','Flu'),(606,3,'2018-01-01','General Medicine','Flu'),(607,33,'2018-01-02','General Medicine','Flu'),(608,40,'2018-01-03','ICU','Pneumonia'),(609,59,'2018-01-04','ICU','Pneumonia'),(610,257,'2018-01-21','ICU','Stroke'),(611,266,'2018-01-22','Cardiology','Heart Failure'),(612,278,'2018-01-23','Neurology','Pain'),(613,290,'2018-01-24','Hospitalist','Diabetes'),(614,309,'2018-01-25','Hospitalist','Diabetes'),(615,315,'2018-01-26','Orthopeadics','Knee Replacement'),(616,329,'2018-01-27','Cardiology','Heart Failure'),(617,346,'2018-01-28','General Medicine','Flu'),(618,350,'2018-01-29','General Medicine','Flu'),(619,373,'2018-01-30','General Medicine','Laceration'),(620,403,'2018-01-31','General Medicine','Laceration'),(621,411,'2018-02-01','General Medicine','Laceration'),(622,421,'2018-02-02','General Medicine','Laceration'),(623,438,'2018-02-03','ICU','AMI'),(624,447,'2018-02-04','ICU','AMI'),(625,461,'2018-02-05','ICU','Heart Failure'),(626,462,'2018-02-06','Cardiology','Heart Failure'),(627,478,'2018-02-07','Neurology','Pain'),(628,491,'2018-02-08','Hospitalist','Diabetes'),(629,509,'2018-02-09','Hospitalist','Diabetes'),(630,519,'2018-02-10','Orthopeadics','Knee Replacement'),(631,524,'2018-02-11','Cardiology','Heart Failure'),(632,544,'2018-02-12','General Medicine','Laceration'),(633,564,'2018-02-13','General Medicine','Laceration'),(634,568,'2018-02-14','General Medicine','Laceration'),(635,2,'2018-01-01','General Medicine','Flu'),(636,34,'2018-01-02','General Medicine','Flu'),(637,42,'2018-01-03','General Medicine','Flu'),(638,60,'2018-01-04','ICU','Heart Failure'),(639,86,'2018-01-05','ICU','Heart Failure'),(640,6,'2018-01-01','ICU','Heart Failure'),(641,28,'2018-01-02','Cardiology','Heart Failure'),(642,55,'2018-01-03','Neurology','Pain'),(643,57,'2018-01-04','Hospitalist','Diabetes'),(644,79,'2018-01-05','Hospitalist','Diabetes'),(645,88,'2018-01-06','Orthopeadics','Knee Replacement'),(646,104,'2018-01-07','Cardiology','Heart Failure'),(647,117,'2018-01-08','General Medicine','Kidney Failure'),(648,132,'2018-01-09','General Medicine','Kidney Failure'),(649,141,'2018-01-10','General Medicine','Kidney Failure'),(650,20,'2018-01-11','General Medicine','Kidney Failure'),(651,163,'2018-01-12','General Medicine','Kidney Failure'),(652,171,'2018-01-13','General Medicine','Pneumonia'),(653,180,'2018-01-14','ICU','Heart Failure'),(654,195,'2018-01-15','ICU','Heart Failure'),(655,205,'2018-01-16','ICU','Heart Failure'),(656,218,'2018-01-17','Cardiology','Heart Failure'),(657,231,'2018-01-18','Neurology','Pain'),(658,235,'2018-01-19','Hospitalist','Diabetes'),(659,250,'2018-01-20','Hospitalist','Diabetes'),(660,255,'2018-01-21','Orthopeadics','Knee Replacement'),(661,270,'2018-01-22','Cardiology','Heart Failure'),(662,286,'2018-01-23','General Medicine','Pneumonia'),(663,299,'2018-01-24','General Medicine','Pneumonia'),(664,311,'2018-01-25','General Medicine','Pneumonia'),(665,324,'2018-01-26','General Medicine','Pneumonia'),(666,330,'2018-01-27','General Medicine','Pneumonia'),(667,339,'2018-01-28','General Medicine','Pneumonia'),(668,358,'2018-01-29','ICU','Heart Failure'),(669,370,'2018-01-30','ICU','Heart Failure'),(670,406,'2018-01-31','ICU','Heart Failure'),(671,23,'2018-02-01','Cardiology','Heart Failure'),(672,430,'2018-02-02','Neurology','Pain'),(673,440,'2018-02-03','Hospitalist','Diabetes'),(674,443,'2018-02-04','Hospitalist','Diabetes'),(675,452,'2018-02-05','Orthopeadics','Knee Replacement'),(676,470,'2018-02-06','Cardiology','Heart Failure'),(677,475,'2018-02-07','General Medicine','Pneumonia'),(678,492,'2018-02-08','General Medicine','Pneumonia'),(679,500,'2018-02-09','General Medicine','Pneumonia'),(680,514,'2018-02-10','General Medicine','Pneumonia'),(681,536,'2018-02-11','General Medicine','Pneumonia'),(682,547,'2018-02-12','General Medicine','Pneumonia'),(683,553,'2018-02-13','ICU','Heart Failure'),(684,571,'2018-02-14','ICU','Heart Failure'),(685,582,'2018-02-15','ICU','Heart Failure'),(686,593,'2018-02-16','Cardiology','Heart Failure'),(687,608,'2018-02-17','Neurology','Pain'),(688,632,'2018-02-18','Hospitalist','Diabetes'),(689,669,'2018-02-19','Hospitalist','Diabetes'),(690,696,'2018-02-20','Orthopeadics','Knee Replacement'),(691,709,'2018-02-21','Cardiology','Heart Failure'),(692,735,'2018-02-22','General Medicine','Pneumonia'),(693,606,'2018-02-17','General Medicine','Pneumonia'),(694,644,'2018-02-18','General Medicine','Pneumonia'),(695,671,'2018-02-19','General Medicine','Pneumonia'),(696,688,'2018-02-20','General Medicine','Pneumonia'),(697,713,'2018-02-21','General Medicine','Pneumonia'),(698,723,'2018-02-22','ICU','Heart Failure'),(699,620,'2018-02-17','ICU','Heart Failure'),(700,630,'2018-02-18','ICU','Heart Failure'),(701,655,'2018-02-19','Cardiology','Heart Failure'),(702,689,'2018-02-20','Cardiology','Heart Failure'),(703,703,'2018-02-21','General Medicine','Pneumonia'),(704,724,'2018-02-22','General Medicine','Pneumonia'),(705,612,'2018-02-17','General Medicine','Pneumonia'),(706,649,'2018-02-18','General Medicine','Pneumonia'),(707,654,'2018-02-19','General Medicine','Pneumonia'),(708,686,'2018-02-20','Cardiology','Heart Failure'),(709,708,'2018-02-21','General Medicine','Diabetes'),(710,742,'2018-02-22','General Medicine','Diabetes'),(711,625,'2018-02-17','General Medicine','Diabetes'),(712,640,'2018-02-18','General Medicine','Diabetes'),(713,674,'2018-02-19','General Medicine','Diabetes'),(714,426,'2018-02-20','General Medicine','Diabetes'),(715,716,'2018-02-21','ICU','Heart Failure'),(716,733,'2018-02-22','ICU','Heart Failure'),(717,616,'2018-02-17','ICU','Pneumonia'),(718,645,'2018-02-18','Cardiology','Heart Failure'),(719,661,'2018-02-19','Neurology','Pain'),(720,678,'2018-02-20','Hospitalist','Diabetes');
/*!40000 ALTER TABLE `admissions` ENABLE KEYS */;
UNLOCK TABLES;

--
-- Table structure for table `discharges`
--

DROP TABLE IF EXISTS `discharges`;
/*!40101 SET @saved_cs_client     = @@character_set_client */;
/*!50503 SET character_set_client = utf8mb4 */;
CREATE TABLE `discharges` (
  `discharges_id` int NOT NULL AUTO_INCREMENT,
  `admission_id` int NOT NULL,
  `patient_id` int NOT NULL,
  `discharge_date` date NOT NULL,
  `discharge_disposition` varchar(50) NOT NULL,
  PRIMARY KEY (`discharges_id`),
  KEY `admission_id_idx` (`admission_id`),
  KEY `patient_id_idx` (`patient_id`),
  CONSTRAINT `adm_id` FOREIGN KEY (`admission_id`) REFERENCES `admissions` (`admission_id`) ON DELETE CASCADE ON UPDATE CASCADE,
  CONSTRAINT `pat_id` FOREIGN KEY (`patient_id`) REFERENCES `patients` (`patient_id`) ON DELETE CASCADE ON UPDATE CASCADE
) ENGINE=InnoDB AUTO_INCREMENT=721 DEFAULT CHARSET=utf8mb4 COLLATE=utf8mb4_0900_ai_ci;
/*!40101 SET character_set_client = @saved_cs_client */;

--
-- Dumping data for table `discharges`
--

LOCK TABLES `discharges` WRITE;
/*!40000 ALTER TABLE `discharges` DISABLE KEYS */;
INSERT INTO `discharges` VALUES (1,1,9,'2018-01-07','Expired'),(2,2,30,'2018-01-16','Home'),(3,3,49,'2018-01-17','Home'),(4,4,70,'2018-01-16','Home'),(5,5,87,'2018-01-20','Home'),(6,6,94,'2018-01-18','Home'),(7,7,106,'2018-01-19','Home'),(8,8,114,'2018-01-14','Home'),(9,9,131,'2018-01-24','Home'),(10,10,139,'2018-01-23','Home'),(11,11,153,'2018-01-27','Home'),(12,12,159,'2018-01-18','Home'),(13,13,167,'2018-01-17','Home'),(14,14,185,'2018-01-29','Home'),(15,15,191,'2018-01-21','Home'),(16,16,206,'2018-01-30','Home'),(17,17,217,'2018-01-28','Home'),(18,18,14,'2018-01-25','Home'),(19,19,238,'2018-01-31','Home'),(20,20,243,'2018-01-23','Transfer'),(21,21,265,'2018-02-05','Transfer'),(22,22,277,'2018-02-06','Transfer'),(23,23,280,'2018-01-29','Transfer'),(24,24,291,'2018-01-30','Transfer'),(25,25,303,'2018-01-30','Transfer'),(26,26,316,'2018-02-02','Expired'),(27,27,335,'2018-02-11','Expired'),(28,28,342,'2018-02-06','Expired'),(29,29,361,'2018-02-14','Expired'),(30,30,372,'2018-02-11','Expired'),(31,31,405,'2018-02-16','Home'),(32,32,412,'2018-02-11','Home'),(33,33,424,'2018-02-14','Home'),(34,34,437,'2018-02-14','Home'),(35,35,449,'2018-02-18','Home'),(36,36,454,'2018-02-12','Home'),(37,37,464,'2018-02-12','Home'),(38,38,480,'2018-02-21','Home'),(39,39,490,'2018-02-22','Home'),(40,40,498,'2018-02-13','Home'),(41,41,521,'2018-02-22','Home'),(42,42,533,'2018-02-24','Home'),(43,43,545,'2018-02-21','Home'),(44,44,557,'2018-02-19','Home'),(45,45,570,'2018-02-21','Home'),(46,46,581,'2018-02-20','Home'),(47,47,602,'2018-03-04','Home'),(48,48,611,'2018-02-24','Home'),(49,49,641,'2018-02-27','Home'),(50,50,656,'2018-02-23','Home'),(51,51,679,'2018-02-27','Home'),(52,52,712,'2018-03-03','Expired'),(53,53,730,'2018-03-03','Home'),(54,54,11,'2018-01-08','Home'),(55,55,23,'2018-01-09','Home'),(56,56,51,'2018-01-18','Home'),(57,57,56,'2018-01-07','Home'),(58,58,78,'2018-01-13','Home'),(59,59,96,'2018-01-19','Home'),(60,60,105,'2018-01-19','Home'),(61,61,111,'2018-01-13','Home'),(62,62,122,'2018-01-12','Home'),(63,63,133,'2018-01-15','Home'),(64,64,149,'2018-01-17','Home'),(65,65,160,'2018-01-20','Home'),(66,66,170,'2018-01-20','Home'),(67,67,181,'2018-01-21','Home'),(68,68,194,'2018-01-24','Home'),(69,69,204,'2018-01-25','Home'),(70,70,215,'2018-01-26','Home'),(71,71,225,'2018-01-26','Home'),(72,72,242,'2018-02-04','Home'),(73,73,247,'2018-01-25','Home'),(74,74,254,'2018-01-24','Home'),(75,75,272,'2018-02-01','Home'),(76,76,289,'2018-02-08','Home'),(77,77,296,'2018-02-05','Home'),(78,78,305,'2018-02-01','Home'),(79,79,321,'2018-02-06','Home'),(80,80,337,'2018-02-12','Home'),(81,81,344,'2018-02-06','Home'),(82,82,360,'2018-02-14','Home'),(83,83,371,'2018-02-10','Home'),(84,84,404,'2018-02-15','Home'),(85,85,408,'2018-02-06','Home'),(86,86,427,'2018-02-16','Home'),(87,87,434,'2018-02-10','Home'),(88,88,445,'2018-02-14','Home'),(89,89,456,'2018-02-15','Home'),(90,90,463,'2018-02-12','Home'),(91,91,476,'2018-02-15','Home'),(92,92,493,'2018-02-23','Home'),(93,93,257,'2018-02-15','Home'),(94,94,515,'2018-02-18','Home'),(95,95,530,'2018-02-20','Home'),(96,96,540,'2018-02-16','Home'),(97,97,215,'2018-02-27','Home'),(98,98,574,'2018-02-27','Home'),(99,99,587,'2018-02-24','Home'),(100,100,597,'2018-02-25','Home'),(101,101,610,'2018-02-23','Home'),(102,102,642,'2018-02-28','Home'),(103,103,653,'2018-02-22','Home'),(104,104,695,'2018-03-07','Home'),(105,105,702,'2018-02-26','Home'),(106,106,728,'2018-02-28','Home'),(107,107,13,'2018-01-09','Home'),(108,108,24,'2018-01-11','Home'),(109,109,46,'2018-01-12','Home'),(110,110,62,'2018-01-12','Home'),(111,111,84,'2018-01-18','Home'),(112,112,91,'2018-01-15','Home'),(113,113,100,'2018-01-10','Home'),(114,114,113,'2018-01-14','Home'),(115,115,127,'2018-01-16','Home'),(116,116,137,'2018-01-20','Home'),(117,117,152,'2018-01-26','Home'),(118,118,165,'2018-01-24','Home'),(119,119,174,'2018-01-27','Home'),(120,120,182,'2018-01-25','Home'),(121,121,197,'2018-01-27','Expired'),(122,122,202,'2018-01-20','Home'),(123,123,216,'2018-01-27','Home'),(124,124,223,'2018-01-23','Home'),(125,125,237,'2018-01-27','Home'),(126,126,246,'2018-01-25','Home'),(127,127,256,'2018-01-24','Home'),(128,128,273,'2018-02-01','Home'),(129,129,285,'2018-02-03','Home'),(130,130,301,'2018-02-09','Home'),(131,131,307,'2018-02-06','Home'),(132,132,317,'2018-02-03','Home'),(133,133,327,'2018-02-02','Home'),(134,134,341,'2018-02-05','Home'),(135,135,359,'2018-02-12','Home'),(136,136,362,'2018-02-02','Home'),(137,137,375,'2018-02-04','Home'),(138,138,417,'2018-02-17','Home'),(139,139,425,'2018-02-14','Home'),(140,140,14,'2018-01-10','Home'),(141,141,26,'2018-01-12','Home'),(142,142,53,'2018-01-19','Home'),(143,143,64,'2018-01-13','Home'),(144,144,83,'2018-01-17','Home'),(145,145,90,'2018-01-15','Home'),(146,146,16,'2018-01-11','Home'),(147,147,35,'2018-01-18','Home'),(148,148,39,'2018-01-09','Home'),(149,149,72,'2018-01-17','Home'),(150,150,75,'2018-01-12','Home'),(151,151,97,'2018-01-22','Home'),(152,152,101,'2018-01-11','Expired'),(153,153,112,'2018-01-14','Home'),(154,154,126,'2018-01-16','Home'),(155,155,143,'2018-01-26','Home'),(156,156,146,'2018-01-15','Home'),(157,157,164,'2018-01-24','Home'),(158,158,168,'2018-01-18','Home'),(159,159,183,'2018-01-27','Home'),(160,160,193,'2018-01-24','Expired'),(161,161,208,'2018-01-31','Home'),(162,162,214,'2018-01-26','Home'),(163,163,228,'2018-01-31','Home'),(164,164,232,'2018-01-22','Home'),(165,165,248,'2018-01-26','Home'),(166,166,258,'2018-01-25','Home'),(167,167,274,'2018-02-01','Home'),(168,168,282,'2018-01-31','Home'),(169,169,297,'2018-02-05','Home'),(170,170,308,'2018-02-07','Home'),(171,171,323,'2018-02-08','Home'),(172,172,331,'2018-02-08','Home'),(173,173,338,'2018-01-31','Home'),(174,174,352,'2018-02-02','Expired'),(175,175,363,'2018-02-02','Expired'),(176,176,402,'2018-02-14','Expired'),(177,177,409,'2018-02-08','Expired'),(178,178,26,'2018-02-14','Expired'),(179,179,431,'2018-02-06','Expired'),(180,180,451,'2018-02-20','Expired'),(181,181,459,'2018-02-19','Expired'),(182,182,469,'2018-02-19','Expired'),(183,183,474,'2018-02-14','Expired'),(184,184,484,'2018-02-15','Expired'),(185,185,504,'2018-02-20','Expired'),(186,186,511,'2018-02-14','Home'),(187,187,529,'2018-02-20','Home'),(188,188,538,'2018-02-15','Home'),(189,189,555,'2018-02-19','Home'),(190,190,572,'2018-02-25','Expired'),(191,191,580,'2018-02-19','Expired'),(192,192,601,'2018-02-28','Home'),(193,193,627,'2018-03-05','Home'),(194,194,631,'2018-02-24','Home'),(195,195,658,'2018-02-24','Home'),(196,196,684,'2018-03-02','Home'),(197,197,714,'2018-03-05','Home'),(198,198,722,'2018-02-25','Home'),(199,199,18,'2018-01-16','Home'),(200,200,29,'2018-01-15','Home'),(201,201,43,'2018-01-12','Home'),(202,202,66,'2018-01-13','Home'),(203,203,85,'2018-01-19','Home'),(204,204,92,'2018-01-16','Home'),(205,205,110,'2018-01-23','Home'),(206,206,121,'2018-01-24','Home'),(207,207,123,'2018-01-13','Home'),(208,208,23,'2018-01-16','Home'),(209,209,151,'2018-01-26','Home'),(210,210,158,'2018-01-18','Home'),(211,211,172,'2018-01-23','Home'),(212,212,179,'2018-01-18','Home'),(213,213,188,'2018-01-18','Home'),(214,214,199,'2018-01-19','Home'),(215,215,220,'2018-01-29','Home'),(216,216,227,'2018-01-29','Home'),(217,217,34,'2018-01-26','Home'),(218,218,244,'2018-01-24','Home'),(219,219,264,'2018-02-03','Home'),(220,220,267,'2018-01-26','Home'),(221,221,284,'2018-02-02','Home'),(222,222,292,'2018-01-30','Home'),(223,223,310,'2018-02-08','Home'),(224,224,318,'2018-02-04','Home'),(225,225,333,'2018-02-09','Home'),(226,226,345,'2018-02-07','Home'),(227,227,353,'2018-02-03','Home'),(228,228,367,'2018-02-04','Expired'),(229,229,401,'2018-02-14','Expired'),(230,230,416,'2018-02-12','Expired'),(231,231,420,'2018-02-06','Expired'),(232,232,432,'2018-02-07','Expired'),(233,233,450,'2018-02-19','Expired'),(234,234,455,'2018-02-14','Expired'),(235,235,466,'2018-02-17','Expired'),(236,236,479,'2018-02-21','Expired'),(237,237,488,'2018-02-18','Expired'),(238,238,503,'2018-02-18','Expired'),(239,239,513,'2018-02-15','Expired'),(240,240,535,'2018-02-25','Home'),(241,241,542,'2018-02-17','Home'),(242,242,561,'2018-02-27','Home'),(243,243,566,'2018-02-17','Home'),(244,244,590,'2018-03-01','Home'),(245,245,598,'2018-02-26','Home'),(246,246,626,'2018-03-04','Home'),(247,247,635,'2018-02-26','Home'),(248,248,663,'2018-02-28','Home'),(249,249,694,'2018-03-07','Home'),(250,250,701,'2018-02-26','Home'),(251,251,729,'2018-02-28','Home'),(252,252,19,'2018-01-17','Home'),(253,253,21,'2018-01-07','Home'),(254,254,47,'2018-01-13','Home'),(255,255,58,'2018-01-08','Home'),(256,256,81,'2018-01-14','Home'),(257,257,93,'2018-01-18','Expired'),(258,258,103,'2018-01-15','Expired'),(259,259,116,'2018-01-20','Expired'),(260,260,125,'2018-01-15','Expired'),(261,261,138,'2018-01-21','Expired'),(262,262,144,'2018-01-14','Expired'),(263,263,156,'2018-01-16','Expired'),(264,264,176,'2018-01-29','Expired'),(265,265,186,'2018-01-30','Expired'),(266,266,192,'2018-01-23','Expired'),(267,267,203,'2018-01-23','Expired'),(268,268,210,'2018-01-21','Expired'),(269,269,226,'2018-01-28','Home'),(270,270,239,'2018-02-01','Home'),(271,271,249,'2018-01-26','Home'),(272,272,260,'2018-01-26','Home'),(273,273,269,'2018-01-28','Home'),(274,274,281,'2018-01-29','Home'),(275,275,300,'2018-02-08','Home'),(276,276,312,'2018-02-09','Home'),(277,277,322,'2018-02-08','Home'),(278,278,332,'2018-02-09','Home'),(279,279,340,'2018-02-03','Home'),(280,280,355,'2018-02-04','Home'),(281,281,366,'2018-02-04','Home'),(282,282,377,'2018-02-05','Home'),(283,283,415,'2018-02-12','Home'),(284,284,423,'2018-02-12','Home'),(285,285,439,'2018-02-15','Home'),(286,286,442,'2018-02-07','Expired'),(287,287,453,'2018-02-08','Expired'),(288,288,468,'2018-02-18','Expired'),(289,289,473,'2018-02-13','Expired'),(290,290,483,'2018-02-13','Expired'),(291,291,508,'2018-02-22','Expired'),(292,292,517,'2018-02-19','Expired'),(293,293,532,'2018-02-24','Expired'),(294,294,550,'2018-02-28','Expired'),(295,295,560,'2018-02-26','Expired'),(296,296,573,'2018-02-26','Expired'),(297,297,588,'2018-02-26','Expired'),(298,298,595,'2018-02-21','Home'),(299,299,607,'2018-02-21','Home'),(300,300,637,'2018-02-26','Home'),(301,301,673,'2018-03-05','Home'),(302,302,681,'2018-02-28','Home'),(303,303,221,'2018-02-27','Home'),(304,304,736,'2018-03-07','Home'),(305,305,15,'2018-01-10','Home'),(306,306,31,'2018-01-16','Home'),(307,307,52,'2018-01-19','Home'),(308,308,71,'2018-01-17','Home'),(309,309,74,'2018-01-10','Home'),(310,310,89,'2018-01-14','Home'),(311,311,107,'2018-01-20','Home'),(312,312,119,'2018-01-21','Home'),(313,313,128,'2018-01-19','Home'),(314,314,140,'2018-01-23','Home'),(315,315,150,'2018-01-23','Home'),(316,316,161,'2018-01-21','Home'),(317,317,175,'2018-01-28','Home'),(318,318,187,'2018-01-30','Home'),(319,319,190,'2018-01-21','Home'),(320,320,209,'2018-02-01','Home'),(321,321,211,'2018-01-24','Home'),(322,322,222,'2018-01-22','Home'),(323,323,236,'2018-01-27','Home'),(324,324,251,'2018-01-29','Home'),(325,325,262,'2018-01-28','Home'),(326,326,276,'2018-02-06','Home'),(327,327,288,'2018-02-08','Expired'),(328,328,293,'2018-01-31','Expired'),(329,329,313,'2018-02-09','Expired'),(330,330,319,'2018-02-04','Expired'),(331,331,328,'2018-02-05','Expired'),(332,332,348,'2018-02-12','Expired'),(333,333,356,'2018-02-04','Expired'),(334,334,364,'2018-02-03','Expired'),(335,335,300,'2018-02-11','Expired'),(336,336,407,'2018-02-04','Expired'),(337,337,429,'2018-02-17','Expired'),(338,338,435,'2018-02-10','Home'),(339,339,444,'2018-02-11','Home'),(340,340,460,'2018-02-19','Home'),(341,341,471,'2018-02-22','Home'),(342,342,477,'2018-02-16','Home'),(343,343,487,'2018-02-17','Home'),(344,344,499,'2018-02-14','Home'),(345,345,510,'2018-02-13','Home'),(346,346,537,'2018-02-27','Home'),(347,347,539,'2018-02-15','Home'),(348,348,556,'2018-02-19','Home'),(349,349,567,'2018-02-18','Home'),(350,350,585,'2018-02-23','Home'),(351,351,603,'2018-03-04','Home'),(352,352,609,'2018-02-22','Home'),(353,353,650,'2018-03-05','Transfer'),(354,354,672,'2018-03-04','Transfer'),(355,355,10,'2018-01-07','Transfer'),(356,356,37,'2018-01-18','Transfer'),(357,357,54,'2018-01-19','Transfer'),(358,358,65,'2018-01-13','Transfer'),(359,359,82,'2018-01-15','Transfer'),(360,360,99,'2018-01-22','Transfer'),(361,361,102,'2018-01-15','Expired'),(362,362,120,'2018-01-22','Expired'),(363,363,129,'2018-01-20','Expired'),(364,364,142,'2018-01-23','Expired'),(365,365,154,'2018-01-27','Expired'),(366,366,162,'2018-01-21','Expired'),(367,367,166,'2018-01-16','Expired'),(368,368,178,'2018-01-18','Expired'),(369,369,198,'2018-01-31','Expired'),(370,370,698,'2018-01-20','Home'),(371,371,219,'2018-01-29','Home'),(372,372,221,'2018-01-21','Home'),(373,373,241,'2018-02-03','Home'),(374,374,253,'2018-02-03','Home'),(375,375,261,'2018-01-27','Home'),(376,376,268,'2018-01-27','Home'),(377,377,279,'2018-01-27','Home'),(378,378,294,'2018-02-03','Home'),(379,379,304,'2018-02-01','Home'),(380,380,320,'2018-02-05','Home'),(381,381,326,'2018-01-30','Home'),(382,382,349,'2018-02-13','Home'),(383,383,351,'2018-02-01','Home'),(384,384,365,'2018-02-03','Home'),(385,385,376,'2018-02-05','Home'),(386,386,410,'2018-02-10','Home'),(387,387,419,'2018-02-06','Home'),(388,388,436,'2018-02-12','Home'),(389,389,1,'2018-01-04','Home'),(390,390,36,'2018-01-18','Home'),(391,391,41,'2018-01-10','Home'),(392,392,61,'2018-01-12','Home'),(393,393,80,'2018-01-14','Home'),(394,394,98,'2018-01-22','Home'),(395,395,109,'2018-01-22','Expired'),(396,396,115,'2018-01-17','Expired'),(397,397,130,'2018-01-21','Expired'),(398,398,134,'2018-01-15','Expired'),(399,399,147,'2018-01-16','Expired'),(400,400,157,'2018-01-18','Expired'),(401,401,169,'2018-01-19','Expired'),(402,402,184,'2018-01-29','Expired'),(403,403,196,'2018-01-26','Expired'),(404,404,207,'2018-01-31','Expired'),(405,405,213,'2018-01-24','Expired'),(406,406,230,'2018-02-01','Expired'),(407,407,233,'2018-01-25','Expired'),(408,408,252,'2018-02-01','Home'),(409,409,263,'2018-01-31','Home'),(410,410,275,'2018-02-03','Home'),(411,411,287,'2018-02-06','Home'),(412,412,295,'2018-02-04','Home'),(413,413,302,'2018-01-29','Home'),(414,414,325,'2018-02-10','Home'),(415,415,336,'2018-02-11','Home'),(416,416,347,'2018-02-11','Home'),(417,417,357,'2018-02-07','Home'),(418,418,369,'2018-02-09','Home'),(419,419,19,'2018-02-04','Home'),(420,420,413,'2018-02-11','Home'),(421,421,422,'2018-02-12','Home'),(422,422,441,'2018-02-18','Home'),(423,423,446,'2018-02-14','Home'),(424,424,457,'2018-02-15','Home'),(425,425,467,'2018-02-18','Home'),(426,426,472,'2018-02-12','Home'),(427,427,482,'2018-02-11','Home'),(428,428,505,'2018-02-20','Home'),(429,429,522,'2018-02-25','Home'),(430,430,527,'2018-02-17','Home'),(431,431,543,'2018-02-19','Home'),(432,432,552,'2018-02-16','Home'),(433,433,577,'2018-02-28','Home'),(434,434,7,'2018-01-06','Home'),(435,435,22,'2018-01-08','Home'),(436,436,38,'2018-01-08','Home'),(437,437,69,'2018-01-15','Home'),(438,438,76,'2018-01-12','Home'),(439,439,17,'2018-01-12','Home'),(440,440,25,'2018-01-11','Home'),(441,441,50,'2018-01-17','Home'),(442,442,68,'2018-01-14','Home'),(443,443,77,'2018-01-12','Home'),(444,444,95,'2018-01-19','Home'),(445,445,108,'2018-01-22','Home'),(446,446,118,'2018-01-21','Home'),(447,447,124,'2018-01-15','Home'),(448,448,136,'2018-01-18','Home'),(449,449,148,'2018-01-16','Home'),(450,450,155,'2018-01-16','Home'),(451,451,173,'2018-01-27','Home'),(452,452,177,'2018-01-17','Home'),(453,453,115,'2018-01-20','Home'),(454,454,201,'2018-01-20','Home'),(455,455,212,'2018-01-24','Home'),(456,456,229,'2018-01-31','Home'),(457,457,240,'2018-02-01','Home'),(458,458,245,'2018-01-24','Home'),(459,459,259,'2018-01-25','Home'),(460,460,271,'2018-01-31','Home'),(461,461,283,'2018-02-01','Home'),(462,462,298,'2018-02-08','Home'),(463,463,306,'2018-02-02','Home'),(464,464,314,'2018-02-01','Home'),(465,465,334,'2018-02-10','Home'),(466,466,343,'2018-02-06','Home'),(467,467,354,'2018-02-03','Home'),(468,468,368,'2018-02-08','Home'),(469,469,400,'2018-02-13','Home'),(470,470,418,'2018-02-17','Home'),(471,471,428,'2018-02-17','Home'),(472,472,433,'2018-02-08','Home'),(473,473,448,'2018-02-16','Home'),(474,474,458,'2018-02-15','Home'),(475,475,465,'2018-02-13','Home'),(476,476,481,'2018-02-22','Home'),(477,477,486,'2018-02-16','Home'),(478,478,502,'2018-02-16','Home'),(479,479,518,'2018-02-20','Home'),(480,480,526,'2018-02-17','Home'),(481,481,551,'2018-02-28','Home'),(482,482,554,'2018-02-17','Home'),(483,483,578,'2018-03-01','Home'),(484,484,584,'2018-02-23','Home'),(485,485,594,'2018-02-21','Home'),(486,486,623,'2018-03-03','Home'),(487,487,643,'2018-03-02','Home'),(488,488,652,'2018-02-22','Home'),(489,489,693,'2018-03-06','Home'),(490,490,705,'2018-02-28','Home'),(491,491,721,'2018-02-25','Home'),(492,492,619,'2018-02-28','Home'),(493,493,629,'2018-02-23','Home'),(494,494,659,'2018-02-25','Home'),(495,495,677,'2018-02-24','Home'),(496,496,720,'2018-03-09','Home'),(497,497,244,'2018-02-27','Home'),(498,498,604,'2018-02-20','Home'),(499,499,648,'2018-03-04','Home'),(500,500,660,'2018-02-26','Home'),(501,501,682,'2018-03-01','Home'),(502,502,715,'2018-03-05','Home'),(503,503,725,'2018-02-27','Home'),(504,504,614,'2018-02-25','Home'),(505,505,646,'2018-03-04','Home'),(506,506,664,'2018-02-28','Home'),(507,507,685,'2018-03-02','Home'),(508,508,700,'2018-02-25','Home'),(509,509,740,'2018-03-08','Home'),(510,510,613,'2018-02-25','Home'),(511,511,636,'2018-02-26','Home'),(512,512,662,'2018-02-27','Home'),(513,513,692,'2018-03-05','Home'),(514,514,707,'2018-02-28','Home'),(515,515,734,'2018-03-06','Home'),(516,516,624,'2018-03-03','Home'),(517,517,651,'2018-03-05','Home'),(518,518,666,'2018-03-02','Home'),(519,519,683,'2018-03-02','Home'),(520,520,706,'2018-02-28','Home'),(521,521,738,'2018-03-07','Home'),(522,522,617,'2018-02-28','Home'),(523,523,634,'2018-02-25','Home'),(524,524,670,'2018-03-03','Home'),(525,525,680,'2018-02-28','Home'),(526,526,699,'2018-02-24','Home'),(527,527,732,'2018-03-04','Home'),(528,528,615,'2018-02-26','Home'),(529,529,633,'2018-02-25','Home'),(530,530,665,'2018-03-01','Home'),(531,531,427,'2018-03-05','Home'),(532,532,711,'2018-03-02','Home'),(533,533,737,'2018-03-07','Home'),(534,534,489,'2018-02-20','Home'),(535,535,496,'2018-02-12','Home'),(536,536,516,'2018-02-18','Home'),(537,537,525,'2018-02-14','Home'),(538,538,549,'2018-02-26','Home'),(539,539,563,'2018-02-28','Home'),(540,540,576,'2018-02-28','Home'),(541,541,583,'2018-02-22','Home'),(542,542,600,'2018-02-27','Home'),(543,543,618,'2018-02-28','Home'),(544,544,647,'2018-03-04','Home'),(545,545,668,'2018-03-02','Home'),(546,546,697,'2018-03-08','Home'),(547,547,710,'2018-03-02','Home'),(548,548,739,'2018-03-08','Home'),(549,549,8,'2018-01-07','Home'),(550,550,27,'2018-01-13','Home'),(551,551,45,'2018-01-12','Home'),(552,552,63,'2018-01-12','Home'),(553,553,495,'2018-02-24','Home'),(554,554,497,'2018-02-12','Home'),(555,555,523,'2018-02-25','Home'),(556,556,531,'2018-02-23','Home'),(557,557,548,'2018-02-26','Home'),(558,558,558,'2018-02-20','Home'),(559,559,569,'2018-02-21','Home'),(560,560,586,'2018-02-23','Home'),(561,561,596,'2018-02-23','Home'),(562,562,605,'2018-02-20','Home'),(563,563,628,'2018-02-23','Home'),(564,564,667,'2018-03-02','Home'),(565,565,687,'2018-03-04','Home'),(566,566,717,'2018-03-08','Home'),(567,567,727,'2018-02-28','Home'),(568,568,12,'2018-01-09','Home'),(569,569,20,'2018-01-05','Home'),(570,570,48,'2018-01-15','Home'),(571,571,73,'2018-01-19','Home'),(572,572,494,'2018-02-24','Home'),(573,573,506,'2018-02-21','Home'),(574,574,520,'2018-02-20','Home'),(575,575,534,'2018-02-25','Home'),(576,576,546,'2018-02-24','Home'),(577,577,565,'2018-02-28','Home'),(578,578,579,'2018-03-01','Home'),(579,579,589,'2018-02-27','Home'),(580,580,284,'2018-02-27','Home'),(581,581,622,'2018-03-02','Home'),(582,582,638,'2018-02-27','Home'),(583,583,675,'2018-03-07','Home'),(584,584,676,'2018-02-23','Home'),(585,585,718,'2018-03-09','Home'),(586,586,731,'2018-03-03','Home'),(587,587,5,'2018-01-05','Home'),(588,588,32,'2018-01-16','Home'),(589,589,44,'2018-01-12','Home'),(590,590,67,'2018-01-13','Home'),(591,591,485,'2018-02-15','Home'),(592,592,507,'2018-02-22','Home'),(593,593,512,'2018-02-15','Home'),(594,594,528,'2018-02-19','Home'),(595,595,541,'2018-02-17','Home'),(596,596,559,'2018-02-21','Home'),(597,597,575,'2018-02-27','Home'),(598,598,591,'2018-03-03','Home'),(599,599,592,'2018-02-20','Home'),(600,600,621,'2018-03-01','Home'),(601,601,639,'2018-02-27','Home'),(602,602,657,'2018-02-24','Home'),(603,603,698,'2018-03-08','Home'),(604,604,719,'2018-03-09','Home'),(605,605,741,'2018-03-10','Home'),(606,606,3,'2018-01-04','Home'),(607,607,33,'2018-01-17','Home'),(608,608,40,'2018-01-10','Home'),(609,609,59,'2018-01-09','Home'),(610,610,257,'2018-01-24','Home'),(611,611,266,'2018-01-25','Home'),(612,612,278,'2018-01-27','Home'),(613,613,290,'2018-01-29','Home'),(614,614,309,'2018-02-07','Home'),(615,615,315,'2018-02-01','Home'),(616,616,329,'2018-02-08','Home'),(617,617,346,'2018-02-07','Home'),(618,618,350,'2018-02-01','Home'),(619,619,373,'2018-02-12','Home'),(620,620,403,'2018-02-14','Home'),(621,621,411,'2018-02-10','Home'),(622,622,421,'2018-02-06','Home'),(623,623,438,'2018-02-15','Home'),(624,624,447,'2018-02-15','Home'),(625,625,461,'2018-02-21','Home'),(626,626,462,'2018-02-12','Home'),(627,627,478,'2018-02-16','Home'),(628,628,491,'2018-02-23','Home'),(629,629,509,'2018-02-24','Home'),(630,630,519,'2018-02-20','Home'),(631,631,524,'2018-02-14','Home'),(632,632,544,'2018-02-20','Home'),(633,633,564,'2018-02-28','Home'),(634,634,568,'2018-02-21','Home'),(635,635,2,'2018-01-04','Home'),(636,636,34,'2018-01-17','Home'),(637,637,42,'2018-01-10','Home'),(638,638,60,'2018-01-09','Home'),(639,639,86,'2018-01-19','Home'),(640,640,6,'2018-01-05','Home'),(641,641,28,'2018-01-14','Home'),(642,642,55,'2018-01-19','Home'),(643,643,57,'2018-01-08','Home'),(644,644,79,'2018-01-14','Home'),(645,645,88,'2018-01-10','Home'),(646,646,104,'2018-01-17','Home'),(647,647,117,'2018-01-20','Home'),(648,648,132,'2018-01-25','Home'),(649,649,141,'2018-01-23','Home'),(650,650,20,'2018-01-15','Home'),(651,651,163,'2018-01-23','Home'),(652,652,171,'2018-01-20','Home'),(653,653,180,'2018-01-19','Home'),(654,654,195,'2018-01-25','Home'),(655,655,205,'2018-01-26','Home'),(656,656,218,'2018-01-29','Home'),(657,657,231,'2018-02-03','Home'),(658,658,235,'2018-01-26','Home'),(659,659,250,'2018-01-28','Home'),(660,660,255,'2018-01-24','Home'),(661,661,270,'2018-01-29','Home'),(662,662,286,'2018-02-04','Home'),(663,663,299,'2018-02-08','Home'),(664,664,311,'2018-02-08','Home'),(665,665,324,'2018-02-08','Home'),(666,666,330,'2018-02-08','Home'),(667,667,339,'2018-02-03','Home'),(668,668,358,'2018-02-12','Home'),(669,669,370,'2018-02-10','Home'),(670,670,406,'2018-02-16','Home'),(671,671,23,'2018-02-12','Home'),(672,672,430,'2018-02-17','Home'),(673,673,440,'2018-02-16','Home'),(674,674,443,'2018-02-08','Home'),(675,675,452,'2018-02-08','Home'),(676,676,470,'2018-02-21','Home'),(677,677,475,'2018-02-14','Home'),(678,678,492,'2018-02-23','Home'),(679,679,500,'2018-02-14','Home'),(680,680,514,'2018-02-16','Home'),(681,681,536,'2018-02-25','Home'),(682,682,547,'2018-02-25','Home'),(683,683,553,'2018-02-17','Home'),(684,684,571,'2018-02-22','Home'),(685,685,582,'2018-02-22','Expired'),(686,686,593,'2018-02-20','Expired'),(687,687,608,'2018-02-21','Expired'),(688,688,632,'2018-02-25','Expired'),(689,689,669,'2018-03-03','Expired'),(690,690,696,'2018-03-07','Expired'),(691,691,709,'2018-03-01','Expired'),(692,692,735,'2018-03-07','Expired'),(693,693,606,'2018-02-21','Expired'),(694,694,644,'2018-03-02','Expired'),(695,695,671,'2018-03-04','Expired'),(696,696,688,'2018-03-04','Transfer'),(697,697,713,'2018-03-04','Transfer'),(698,698,723,'2018-02-26','Transfer'),(699,699,620,'2018-02-28','Transfer'),(700,700,630,'2018-02-24','Transfer'),(701,701,655,'2018-02-23','Transfer'),(702,702,689,'2018-03-05','Transfer'),(703,703,703,'2018-02-27','Transfer'),(704,704,724,'2018-02-27','Transfer'),(705,705,612,'2018-02-25','Transfer'),(706,706,649,'2018-03-05','Transfer'),(707,707,654,'2018-02-23','Transfer'),(708,708,686,'2018-03-02','Transfer'),(709,709,708,'2018-03-01','Transfer'),(710,710,742,'2018-03-10','Transfer'),(711,711,625,'2018-03-04','Transfer'),(712,712,640,'2018-02-27','Transfer'),(713,713,674,'2018-03-07','Transfer'),(714,714,426,'2018-03-05','Transfer'),(715,715,716,'2018-03-06','Transfer'),(716,716,733,'2018-03-05','Transfer'),(717,717,616,'2018-02-27','Transfer'),(718,718,645,'2018-03-03','Transfer'),(719,719,661,'2018-02-27','Transfer'),(720,720,678,'2018-02-27','Transfer');
/*!40000 ALTER TABLE `discharges` ENABLE KEYS */;
UNLOCK TABLES;

--
-- Table structure for table `ed_visits`
--

DROP TABLE IF EXISTS `ed_visits`;
/*!40101 SET @saved_cs_client     = @@character_set_client */;
/*!50503 SET character_set_client = utf8mb4 */;
CREATE TABLE `ed_visits` (
  `ed_visit_id` int NOT NULL AUTO_INCREMENT,
  `visit_id` int NOT NULL,
  `patient_id` int NOT NULL,
  `acuity` int NOT NULL,
  `reason_for_visit` varchar(50) NOT NULL,
  `ed_disposition` varchar(50) NOT NULL,
  PRIMARY KEY (`ed_visit_id`),
  KEY `visit_id_idx` (`visit_id`),
  KEY `patient_id_idx` (`patient_id`),
  CONSTRAINT `patient_id` FOREIGN KEY (`patient_id`) REFERENCES `patients` (`patient_id`) ON DELETE CASCADE ON UPDATE CASCADE,
  CONSTRAINT `visit_id` FOREIGN KEY (`visit_id`) REFERENCES `visits` (`visit_id`) ON DELETE CASCADE ON UPDATE CASCADE
) ENGINE=InnoDB AUTO_INCREMENT=951 DEFAULT CHARSET=utf8mb4 COLLATE=utf8mb4_0900_ai_ci;
/*!40101 SET character_set_client = @saved_cs_client */;

--
-- Dumping data for table `ed_visits`
--

LOCK TABLES `ed_visits` WRITE;
/*!40000 ALTER TABLE `ed_visits` DISABLE KEYS */;
INSERT INTO `ed_visits` VALUES (1,1,4,1,'Stomach Ache','Admitted'),(2,2,5,1,'Migraine','Discharged'),(3,3,6,1,'Pneumonia','Discharged'),(4,4,7,1,'Fever','Discharged'),(5,5,8,1,'Fever','Discharged'),(6,6,9,1,'Fever','Discharged'),(7,7,10,1,'Stomach Ache','Discharged'),(8,8,11,2,'Migraine','Discharged'),(9,9,12,2,'Stomach Ache','Discharged'),(11,11,14,2,'Stomach Ache','Discharged'),(12,12,15,2,'Migraine','Admitted'),(13,13,16,3,'Stomach Ache','Admitted'),(14,14,17,3,'Migraine','Admitted'),(15,15,18,3,'Chest Pain','Admitted'),(16,16,19,4,'Bleeding','Admitted'),(17,17,20,4,'Chest Pain','Admitted'),(18,18,21,5,'Car Accident','Admitted'),(19,19,22,5,'Chest Pain','Admitted'),(21,21,24,1,'Fever','Discharged'),(22,22,25,1,'Fever','Discharged'),(23,23,26,1,'Fever','Discharged'),(24,24,27,1,'Fever','Discharged'),(25,25,28,1,'Laceration','Discharged'),(26,26,29,5,'Chest Pain','Admitted'),(28,28,31,4,'Laceration','Discharged'),(29,29,32,2,'Pneumonia','Admitted'),(30,30,33,3,'Pneumonia','Admitted'),(31,31,34,4,'Pneumonia','Admitted'),(32,32,35,2,'Pneumonia','Admitted'),(34,34,37,5,'Shortness of Breath','Discharged'),(35,35,38,1,'Fever','Discharged'),(37,37,40,1,'Migraine','Discharged'),(38,38,41,1,'Shortness of Breath','Discharged'),(39,39,42,1,'Shortness of Breath','Discharged'),(40,40,43,1,'Fever','Discharged'),(41,41,44,1,'Shortness of Breath','Discharged'),(45,45,48,5,'Shortness of Breath','Admitted'),(46,46,49,2,'Shortness of Breath','Admitted'),(47,47,50,1,'Stomach Ache','Discharged'),(48,48,51,1,'Migraine','Discharged'),(49,49,52,1,'Stomach Ache','Discharged'),(50,50,53,1,'Migraine','Discharged'),(51,51,54,5,'Fever','Admitted'),(52,52,55,5,'Gun Shot','Admitted'),(53,53,56,4,'Pneumonia','Admitted'),(54,54,57,2,'Shortness of Breath','Admitted'),(55,55,58,3,'Migraine','Admitted'),(56,56,59,4,'Pneumonia','Admitted'),(58,58,61,5,'Pneumonia','Admitted'),(59,59,62,5,'Accident','Admitted'),(60,60,63,1,'Intoxication','Discharged'),(61,61,64,1,'Intoxication','Discharged'),(62,62,65,1,'Fever','Discharged'),(63,63,66,1,'Stomach Ache','Discharged'),(64,64,67,1,'Migraine','Discharged'),(65,65,68,1,'Stomach Ache','Discharged'),(66,66,69,1,'Stomach Ache','Discharged'),(67,67,70,1,'Stomach Ache','Discharged'),(68,68,71,1,'Fever','Discharged'),(69,69,72,4,'Chest Pain','Discharged'),(70,70,73,5,'Chest Pain','Admitted'),(71,71,74,2,'Fever','Admitted'),(72,72,75,1,'Pneumonia','Discharged'),(73,73,76,1,'Pneumonia','Discharged'),(74,74,77,1,'Pneumonia','Discharged'),(75,75,78,1,'Pneumonia','Discharged'),(77,77,80,5,'Accident','Admitted'),(78,78,81,4,'Shortness of Breath','Admitted'),(79,79,82,2,'Shortness of Breath','Admitted'),(80,80,83,3,'Fever','Admitted'),(82,82,85,2,'Car Accident','Admitted'),(83,83,86,5,'Gun Shot','Admitted'),(88,88,91,1,'Pneumonia','Discharged'),(89,89,92,1,'Fever','Discharged'),(90,90,93,1,'Fever','Discharged'),(91,91,94,1,'Shortness of Breath','Discharged'),(93,93,96,1,'Cough','Discharged'),(94,94,97,4,'Chest Pain','Admitted'),(95,95,98,5,'Fever','Admitted'),(97,97,100,1,'Stomach Ache','Discharged'),(98,98,101,2,'Migraine','Discharged'),(99,99,500,3,'Shortness of Breath','Admitted'),(101,101,506,5,'Shortness of Breath','Admitted'),(102,102,509,1,'Stomach Ache','Admitted'),(103,103,512,1,'Migraine','Discharged'),(104,104,515,1,'Pneumonia','Discharged'),(105,105,518,1,'Fever','Discharged'),(106,106,521,1,'Fever','Discharged'),(107,107,524,1,'Fever','Discharged'),(108,108,527,1,'Stomach Ache','Discharged'),(109,109,530,2,'Migraine','Discharged'),(110,110,533,2,'Stomach Ache','Discharged'),(111,111,536,2,'Migraine','Discharged'),(113,113,542,2,'Migraine','Admitted'),(114,114,545,3,'Stomach Ache','Admitted'),(115,115,548,3,'Migraine','Admitted'),(116,116,551,3,'Chest Pain','Admitted'),(117,117,554,4,'Bleeding','Admitted'),(118,118,557,4,'Chest Pain','Admitted'),(119,119,560,5,'Car Accident','Admitted'),(120,120,563,5,'Chest Pain','Admitted'),(121,121,566,1,'Bleeding','Discharged'),(122,122,569,1,'Fever','Discharged'),(124,124,575,1,'Fever','Discharged'),(125,125,578,1,'Fever','Discharged'),(126,126,581,1,'Laceration','Discharged'),(127,127,584,5,'Chest Pain','Admitted'),(128,128,587,5,'Chest Pain','Admitted'),(129,129,590,4,'Laceration','Discharged'),(130,130,593,2,'Pneumonia','Admitted'),(132,132,599,4,'Pneumonia','Admitted'),(138,138,617,1,'Migraine','Discharged'),(139,139,620,1,'Shortness of Breath','Discharged'),(140,140,623,1,'Shortness of Breath','Discharged'),(141,141,626,1,'Fever','Discharged'),(142,142,629,1,'Shortness of Breath','Discharged'),(143,143,632,1,'Fever','Discharged'),(144,144,635,1,'Fever','Admitted'),(146,146,641,5,'Shortness of Breath','Admitted'),(147,147,644,2,'Shortness of Breath','Admitted'),(148,148,647,1,'Stomach Ache','Discharged'),(149,149,650,1,'Migraine','Discharged'),(150,150,653,1,'Stomach Ache','Discharged'),(151,151,656,1,'Migraine','Discharged'),(152,152,659,5,'Fever','Admitted'),(153,153,662,5,'Gun Shot','Admitted'),(154,154,665,4,'Pneumonia','Admitted'),(155,155,668,2,'Shortness of Breath','Admitted'),(156,156,90,3,'Migraine','Admitted'),(158,158,90,2,'Pneumonia','Admitted'),(159,159,90,5,'Pneumonia','Admitted'),(160,160,90,5,'Accident','Admitted'),(161,161,90,1,'Intoxication','Discharged'),(162,162,800,1,'Intoxication','Discharged'),(163,163,801,1,'Fever','Discharged'),(165,165,803,1,'Migraine','Discharged'),(168,168,806,1,'Stomach Ache','Discharged'),(169,169,807,1,'Fever','Discharged'),(170,170,808,4,'Chest Pain','Discharged'),(171,171,809,5,'Chest Pain','Admitted'),(172,172,810,2,'Fever','Admitted'),(173,173,811,1,'Pneumonia','Discharged'),(174,174,812,1,'Pneumonia','Discharged'),(175,175,813,1,'Pneumonia','Discharged'),(176,176,814,1,'Pneumonia','Discharged'),(177,177,815,5,'Accident','Admitted'),(178,178,816,5,'Accident','Admitted'),(179,179,817,4,'Shortness of Breath','Admitted'),(180,180,818,2,'Shortness of Breath','Admitted'),(181,181,819,1,'Stomach Ache','Admitted'),(182,182,820,1,'Migraine','Discharged'),(183,183,821,1,'Pneumonia','Discharged'),(184,184,822,1,'Fever','Discharged'),(185,185,823,1,'Fever','Discharged'),(186,186,824,1,'Fever','Discharged'),(187,187,825,1,'Stomach Ache','Discharged'),(188,188,826,2,'Migraine','Discharged'),(189,189,827,2,'Stomach Ache','Discharged'),(190,190,828,2,'Migraine','Discharged'),(191,191,829,2,'Stomach Ache','Discharged'),(192,192,830,2,'Migraine','Admitted'),(193,193,831,3,'Stomach Ache','Admitted'),(194,194,832,3,'Migraine','Admitted'),(195,195,833,3,'Chest Pain','Admitted'),(196,196,834,4,'Bleeding','Admitted'),(197,197,835,4,'Chest Pain','Admitted'),(198,198,836,5,'Car Accident','Admitted'),(199,199,837,5,'Chest Pain','Admitted'),(200,200,838,1,'Bleeding','Discharged'),(201,201,839,1,'Fever','Discharged'),(202,202,840,1,'Fever','Discharged'),(203,203,841,1,'Fever','Discharged'),(204,204,842,1,'Fever','Discharged'),(205,205,843,1,'Laceration','Discharged'),(206,206,844,5,'Chest Pain','Admitted'),(207,207,845,5,'Chest Pain','Admitted'),(208,208,846,4,'Laceration','Discharged'),(209,209,847,2,'Pneumonia','Admitted'),(210,210,848,3,'Pneumonia','Admitted'),(211,211,849,4,'Pneumonia','Admitted'),(212,212,850,2,'Pneumonia','Admitted'),(213,213,851,5,'Shortness of Breath','Discharged'),(214,214,852,5,'Shortness of Breath','Discharged'),(215,215,853,1,'Fever','Discharged'),(216,216,854,1,'Stomach Ache','Discharged'),(219,219,857,1,'Shortness of Breath','Discharged'),(220,220,858,1,'Fever','Discharged'),(221,221,859,1,'Shortness of Breath','Discharged'),(222,222,860,1,'Fever','Discharged'),(223,223,861,1,'Fever','Admitted'),(224,224,862,4,'Pneumonia','Admitted'),(225,225,863,5,'Shortness of Breath','Admitted'),(227,227,865,1,'Stomach Ache','Discharged'),(228,228,866,1,'Migraine','Discharged'),(229,229,867,1,'Stomach Ache','Discharged'),(230,230,868,1,'Migraine','Discharged'),(232,232,870,5,'Gun Shot','Admitted'),(233,233,871,4,'Pneumonia','Admitted'),(234,234,872,2,'Shortness of Breath','Admitted'),(236,236,874,4,'Pneumonia','Admitted'),(237,237,875,2,'Pneumonia','Admitted'),(238,238,876,5,'Pneumonia','Admitted'),(239,239,877,5,'Accident','Admitted'),(240,240,878,1,'Intoxication','Discharged'),(241,241,879,1,'Intoxication','Discharged'),(242,242,880,1,'Fever','Discharged'),(243,243,881,1,'Stomach Ache','Discharged'),(244,244,882,1,'Migraine','Discharged'),(245,245,883,1,'Stomach Ache','Discharged'),(246,246,884,1,'Stomach Ache','Discharged'),(247,247,885,1,'Stomach Ache','Discharged'),(248,248,886,1,'Fever','Discharged'),(249,249,887,4,'Chest Pain','Discharged'),(251,251,889,2,'Fever','Admitted'),(252,252,890,1,'Pneumonia','Discharged'),(254,254,892,1,'Pneumonia','Discharged'),(255,255,893,1,'Pneumonia','Discharged'),(256,256,894,5,'Accident','Admitted'),(257,257,895,5,'Accident','Admitted'),(258,258,896,4,'Shortness of Breath','Admitted'),(259,259,897,2,'Shortness of Breath','Admitted'),(263,263,901,1,'Fever','Discharged'),(264,264,902,1,'Fever','Discharged'),(265,265,903,1,'Fever','Discharged'),(266,266,904,1,'Stomach Ache','Discharged'),(267,267,905,2,'Migraine','Discharged'),(268,268,906,2,'Stomach Ache','Discharged'),(269,269,907,2,'Migraine','Discharged'),(270,270,908,2,'Stomach Ache','Discharged'),(271,271,909,2,'Migraine','Admitted'),(272,272,910,3,'Stomach Ache','Admitted'),(273,273,911,3,'Migraine','Admitted'),(276,276,914,4,'Chest Pain','Admitted'),(277,277,915,5,'Car Accident','Admitted'),(278,278,916,5,'Chest Pain','Admitted'),(279,279,917,1,'Bleeding','Discharged'),(280,280,29,1,'Fever','Discharged'),(281,281,30,1,'Fever','Discharged'),(282,282,31,1,'Fever','Discharged'),(283,283,32,1,'Fever','Discharged'),(284,284,33,1,'Laceration','Discharged'),(286,286,35,5,'Chest Pain','Admitted'),(287,287,36,4,'Laceration','Discharged'),(288,288,37,2,'Pneumonia','Admitted'),(289,289,38,3,'Pneumonia','Admitted'),(290,290,39,4,'Pneumonia','Admitted'),(291,291,40,2,'Pneumonia','Admitted'),(293,293,42,5,'Shortness of Breath','Discharged'),(294,294,43,1,'Fever','Discharged'),(295,295,44,1,'Stomach Ache','Discharged'),(296,296,45,1,'Migraine','Discharged'),(297,297,46,1,'Shortness of Breath','Discharged'),(298,298,47,1,'Shortness of Breath','Discharged'),(299,299,48,1,'Fever','Discharged'),(300,300,49,1,'Shortness of Breath','Discharged'),(301,301,50,1,'Fever','Discharged'),(302,302,51,1,'Fever','Admitted'),(303,303,52,4,'Pneumonia','Admitted'),(304,304,53,5,'Shortness of Breath','Admitted'),(305,305,54,2,'Shortness of Breath','Admitted'),(306,306,55,1,'Stomach Ache','Discharged'),(308,308,57,1,'Stomach Ache','Discharged'),(309,309,58,1,'Migraine','Discharged'),(310,310,59,5,'Fever','Admitted'),(311,311,60,5,'Gun Shot','Admitted'),(312,312,61,4,'Pneumonia','Admitted'),(313,313,62,2,'Shortness of Breath','Admitted'),(314,314,63,3,'Migraine','Admitted'),(315,315,64,4,'Pneumonia','Admitted'),(316,316,65,2,'Pneumonia','Admitted'),(317,317,66,5,'Pneumonia','Admitted'),(318,318,67,5,'Accident','Admitted'),(319,319,68,1,'Intoxication','Discharged'),(320,320,69,1,'Intoxication','Discharged'),(321,321,70,1,'Fever','Discharged'),(322,322,71,1,'Stomach Ache','Discharged'),(323,323,72,1,'Migraine','Discharged'),(324,324,73,1,'Stomach Ache','Discharged'),(325,325,74,1,'Stomach Ache','Discharged'),(326,326,75,1,'Stomach Ache','Discharged'),(327,327,76,1,'Fever','Discharged'),(329,329,78,5,'Chest Pain','Admitted'),(330,330,79,2,'Fever','Admitted'),(331,331,80,1,'Pneumonia','Discharged'),(332,332,81,1,'Pneumonia','Discharged'),(333,333,82,1,'Pneumonia','Discharged'),(334,334,83,1,'Pneumonia','Discharged'),(335,335,84,5,'Accident','Admitted'),(337,337,86,4,'Shortness of Breath','Admitted'),(338,338,87,2,'Shortness of Breath','Admitted'),(339,339,88,1,'Stomach Ache','Admitted'),(340,340,89,1,'Migraine','Discharged'),(341,341,90,1,'Pneumonia','Discharged'),(343,343,92,1,'Fever','Discharged'),(344,344,93,1,'Fever','Discharged'),(345,345,94,1,'Stomach Ache','Discharged'),(346,346,95,2,'Migraine','Discharged'),(347,347,96,2,'Stomach Ache','Discharged'),(348,348,97,2,'Migraine','Discharged'),(349,349,98,2,'Stomach Ache','Discharged'),(350,350,99,2,'Migraine','Admitted'),(351,351,100,3,'Stomach Ache','Admitted'),(352,352,101,3,'Migraine','Admitted'),(354,354,503,4,'Bleeding','Admitted'),(355,355,506,4,'Chest Pain','Admitted'),(356,356,509,5,'Car Accident','Admitted'),(357,357,512,5,'Chest Pain','Admitted'),(358,358,515,1,'Bleeding','Discharged'),(359,359,518,1,'Fever','Discharged'),(360,360,521,1,'Fever','Discharged'),(362,362,527,1,'Fever','Discharged'),(364,364,533,5,'Chest Pain','Admitted'),(365,365,536,5,'Chest Pain','Admitted'),(366,366,539,4,'Laceration','Discharged'),(367,367,542,2,'Pneumonia','Admitted'),(369,369,548,4,'Pneumonia','Admitted'),(370,370,551,2,'Pneumonia','Admitted'),(371,371,554,5,'Shortness of Breath','Discharged'),(372,372,557,5,'Shortness of Breath','Discharged'),(373,373,560,1,'Fever','Discharged'),(377,377,572,1,'Shortness of Breath','Discharged'),(378,378,575,1,'Fever','Discharged'),(379,379,578,1,'Shortness of Breath','Discharged'),(380,380,581,1,'Fever','Discharged'),(381,381,584,1,'Fever','Admitted'),(382,382,587,4,'Pneumonia','Admitted'),(383,383,590,5,'Shortness of Breath','Admitted'),(385,385,596,1,'Stomach Ache','Discharged'),(386,386,599,1,'Migraine','Discharged'),(387,387,602,1,'Stomach Ache','Discharged'),(388,388,605,1,'Migraine','Discharged'),(390,390,611,5,'Gun Shot','Admitted'),(391,391,614,4,'Pneumonia','Admitted'),(392,392,617,2,'Shortness of Breath','Admitted'),(393,393,620,3,'Migraine','Admitted'),(394,394,623,4,'Pneumonia','Admitted'),(395,395,626,2,'Pneumonia','Admitted'),(396,396,629,5,'Pneumonia','Admitted'),(397,397,632,5,'Accident','Admitted'),(398,398,635,1,'Intoxication','Discharged'),(399,399,638,1,'Intoxication','Discharged'),(400,400,641,1,'Fever','Discharged'),(401,401,644,1,'Stomach Ache','Discharged'),(402,402,647,1,'Migraine','Discharged'),(403,403,650,1,'Stomach Ache','Discharged'),(404,404,653,1,'Stomach Ache','Discharged'),(405,405,656,1,'Stomach Ache','Discharged'),(406,406,659,1,'Fever','Discharged'),(407,407,662,4,'Chest Pain','Discharged'),(408,408,665,5,'Chest Pain','Admitted'),(409,409,668,2,'Fever','Admitted'),(410,410,90,1,'Pneumonia','Discharged'),(411,411,90,1,'Pneumonia','Discharged'),(412,412,90,1,'Pneumonia','Discharged'),(413,413,90,1,'Pneumonia','Discharged'),(414,414,90,5,'Accident','Admitted'),(415,415,90,5,'Accident','Admitted'),(416,416,800,4,'Shortness of Breath','Admitted'),(417,417,801,2,'Shortness of Breath','Admitted'),(418,418,802,1,'Stomach Ache','Admitted'),(419,419,803,1,'Migraine','Discharged'),(420,420,804,1,'Pneumonia','Discharged'),(421,421,805,1,'Fever','Discharged'),(422,422,806,1,'Fever','Discharged'),(423,423,807,1,'Fever','Discharged'),(424,424,808,1,'Stomach Ache','Discharged'),(425,425,809,2,'Migraine','Discharged'),(426,426,810,2,'Stomach Ache','Discharged'),(427,427,811,2,'Migraine','Discharged'),(428,428,812,2,'Stomach Ache','Discharged'),(429,429,813,2,'Migraine','Admitted'),(430,430,814,3,'Stomach Ache','Admitted'),(431,431,815,3,'Migraine','Admitted'),(432,432,816,3,'Chest Pain','Admitted'),(433,433,817,4,'Bleeding','Admitted'),(434,434,818,4,'Chest Pain','Admitted'),(435,435,819,5,'Car Accident','Admitted'),(436,436,820,5,'Chest Pain','Admitted'),(437,437,821,1,'Bleeding','Discharged'),(438,438,822,1,'Fever','Discharged'),(439,439,823,1,'Fever','Discharged'),(440,440,824,1,'Fever','Discharged'),(441,441,825,1,'Fever','Discharged'),(443,443,827,5,'Chest Pain','Admitted'),(444,444,828,5,'Chest Pain','Admitted'),(445,445,829,4,'Laceration','Discharged'),(446,446,830,2,'Pneumonia','Admitted'),(447,447,831,3,'Pneumonia','Admitted'),(448,448,832,4,'Pneumonia','Admitted'),(449,449,833,2,'Pneumonia','Admitted'),(450,450,834,5,'Shortness of Breath','Discharged'),(451,451,835,5,'Shortness of Breath','Discharged'),(452,452,836,1,'Fever','Discharged'),(453,453,837,1,'Stomach Ache','Discharged'),(454,454,838,1,'Migraine','Discharged'),(456,456,840,1,'Shortness of Breath','Discharged'),(457,457,841,1,'Fever','Discharged'),(458,458,842,1,'Shortness of Breath','Discharged'),(459,459,843,1,'Fever','Discharged'),(460,460,844,1,'Fever','Admitted'),(461,461,845,4,'Pneumonia','Admitted'),(462,462,846,5,'Shortness of Breath','Admitted'),(463,463,847,2,'Shortness of Breath','Admitted'),(464,464,848,1,'Stomach Ache','Discharged'),(465,465,849,1,'Migraine','Discharged'),(466,466,850,1,'Stomach Ache','Discharged'),(467,467,851,1,'Migraine','Discharged'),(468,468,852,5,'Fever','Admitted'),(469,469,853,5,'Gun Shot','Admitted'),(470,470,854,4,'Pneumonia','Admitted'),(471,471,855,2,'Shortness of Breath','Admitted'),(472,472,856,3,'Migraine','Admitted'),(473,473,857,4,'Pneumonia','Admitted'),(474,474,858,2,'Pneumonia','Admitted'),(476,476,860,5,'Accident','Admitted'),(477,477,861,1,'Intoxication','Discharged'),(478,478,862,1,'Intoxication','Discharged'),(479,479,863,1,'Fever','Discharged'),(480,480,864,1,'Stomach Ache','Discharged'),(481,481,865,1,'Migraine','Discharged'),(482,482,866,1,'Stomach Ache','Discharged'),(483,483,867,1,'Stomach Ache','Discharged'),(484,484,868,1,'Stomach Ache','Discharged'),(485,485,869,1,'Fever','Discharged'),(486,486,870,4,'Chest Pain','Discharged'),(487,487,871,5,'Chest Pain','Admitted'),(488,488,872,1,'Stomach Ache','Admitted'),(489,489,873,1,'Migraine','Discharged'),(490,490,874,1,'Pneumonia','Discharged'),(491,491,875,1,'Fever','Discharged'),(492,492,876,1,'Fever','Discharged'),(493,493,877,1,'Fever','Discharged'),(494,494,878,1,'Stomach Ache','Discharged'),(495,495,879,2,'Migraine','Discharged'),(496,496,880,2,'Stomach Ache','Discharged'),(497,497,881,2,'Migraine','Discharged'),(498,498,882,2,'Stomach Ache','Discharged'),(499,499,883,2,'Migraine','Admitted'),(500,500,884,3,'Stomach Ache','Admitted'),(501,501,885,3,'Migraine','Admitted'),(502,502,886,3,'Chest Pain','Admitted'),(503,503,887,4,'Bleeding','Admitted'),(504,504,888,4,'Chest Pain','Admitted'),(505,505,889,5,'Car Accident','Admitted'),(506,506,890,5,'Chest Pain','Admitted'),(507,507,891,1,'Bleeding','Discharged'),(508,508,892,1,'Fever','Discharged'),(509,509,893,1,'Fever','Discharged'),(510,510,894,1,'Fever','Discharged'),(511,511,895,1,'Fever','Discharged'),(512,512,29,1,'Laceration','Discharged'),(513,513,30,5,'Chest Pain','Admitted'),(514,514,31,5,'Chest Pain','Admitted'),(515,515,32,4,'Laceration','Discharged'),(516,516,33,2,'Pneumonia','Admitted'),(517,517,34,3,'Pneumonia','Admitted'),(518,518,35,4,'Pneumonia','Admitted'),(519,519,36,2,'Pneumonia','Admitted'),(520,520,37,5,'Shortness of Breath','Discharged'),(521,521,38,5,'Shortness of Breath','Discharged'),(522,522,39,1,'Fever','Discharged'),(523,523,40,1,'Stomach Ache','Discharged'),(524,524,41,1,'Migraine','Discharged'),(525,525,42,1,'Shortness of Breath','Discharged'),(526,526,43,1,'Shortness of Breath','Discharged'),(527,527,44,1,'Fever','Discharged'),(528,528,45,1,'Shortness of Breath','Discharged'),(529,529,46,1,'Fever','Discharged'),(531,531,48,4,'Pneumonia','Admitted'),(532,532,49,5,'Shortness of Breath','Admitted'),(533,533,50,2,'Shortness of Breath','Admitted'),(535,535,52,1,'Migraine','Discharged'),(536,536,53,1,'Stomach Ache','Discharged'),(537,537,54,1,'Migraine','Discharged'),(539,539,56,5,'Gun Shot','Admitted'),(540,540,57,4,'Pneumonia','Admitted'),(541,541,58,2,'Shortness of Breath','Admitted'),(542,542,59,3,'Migraine','Admitted'),(543,543,60,4,'Pneumonia','Admitted'),(544,544,61,2,'Pneumonia','Admitted'),(545,545,62,5,'Pneumonia','Admitted'),(546,546,63,5,'Accident','Admitted'),(547,547,64,1,'Intoxication','Discharged'),(548,548,65,1,'Intoxication','Discharged'),(551,551,68,1,'Migraine','Discharged'),(552,552,69,1,'Stomach Ache','Discharged'),(553,553,70,1,'Stomach Ache','Discharged'),(554,554,71,1,'Stomach Ache','Discharged'),(556,556,73,4,'Chest Pain','Discharged'),(558,558,75,2,'Fever','Admitted'),(559,559,76,1,'Pneumonia','Discharged'),(561,561,78,1,'Pneumonia','Discharged'),(562,562,79,1,'Pneumonia','Discharged'),(563,563,80,5,'Accident','Admitted'),(564,564,81,5,'Accident','Admitted'),(565,565,82,4,'Shortness of Breath','Admitted'),(566,566,83,2,'Shortness of Breath','Admitted'),(568,568,85,1,'Migraine','Discharged'),(569,569,86,1,'Pneumonia','Discharged'),(571,571,88,1,'Fever','Discharged'),(572,572,89,1,'Fever','Discharged'),(573,573,90,1,'Stomach Ache','Discharged'),(574,574,91,2,'Migraine','Discharged'),(575,575,92,2,'Stomach Ache','Discharged'),(577,577,94,2,'Stomach Ache','Discharged'),(578,578,95,2,'Migraine','Admitted'),(579,579,96,3,'Stomach Ache','Admitted'),(580,580,97,3,'Migraine','Admitted'),(581,581,98,3,'Chest Pain','Admitted'),(582,582,99,4,'Bleeding','Admitted'),(583,583,100,4,'Chest Pain','Admitted'),(584,584,101,5,'Car Accident','Admitted'),(585,585,500,5,'Chest Pain','Admitted'),(587,587,506,1,'Fever','Discharged'),(590,590,515,1,'Fever','Discharged'),(592,592,521,5,'Chest Pain','Admitted'),(593,593,524,5,'Chest Pain','Admitted'),(594,594,527,4,'Laceration','Discharged'),(595,595,530,2,'Pneumonia','Admitted'),(596,596,533,3,'Pneumonia','Admitted'),(597,597,536,4,'Pneumonia','Admitted'),(598,598,539,2,'Pneumonia','Admitted'),(599,599,542,5,'Shortness of Breath','Discharged'),(600,600,545,5,'Shortness of Breath','Discharged'),(601,601,548,1,'Fever','Discharged'),(602,602,551,1,'Stomach Ache','Discharged'),(603,603,554,1,'Migraine','Discharged'),(606,606,563,1,'Fever','Discharged'),(607,607,566,1,'Shortness of Breath','Discharged'),(608,608,569,1,'Fever','Discharged'),(609,609,572,1,'Fever','Admitted'),(610,610,575,4,'Pneumonia','Admitted'),(611,611,578,5,'Shortness of Breath','Admitted'),(612,612,581,2,'Shortness of Breath','Admitted'),(615,615,590,1,'Stomach Ache','Discharged'),(616,616,593,1,'Migraine','Discharged'),(617,617,596,5,'Fever','Admitted'),(618,618,599,5,'Gun Shot','Admitted'),(619,619,602,4,'Pneumonia','Admitted'),(621,621,608,3,'Migraine','Admitted'),(622,622,611,4,'Pneumonia','Admitted'),(623,623,614,2,'Pneumonia','Admitted'),(624,624,617,5,'Pneumonia','Admitted'),(628,628,629,1,'Fever','Discharged'),(629,629,632,1,'Stomach Ache','Discharged'),(630,630,635,1,'Migraine','Discharged'),(631,631,638,1,'Stomach Ache','Discharged'),(632,632,641,1,'Stomach Ache','Discharged'),(633,633,644,1,'Stomach Ache','Discharged'),(634,634,647,1,'Fever','Discharged'),(636,636,653,5,'Chest Pain','Admitted'),(637,637,656,2,'Fever','Admitted'),(638,638,659,1,'Pneumonia','Discharged'),(639,639,662,1,'Pneumonia','Discharged'),(641,641,668,1,'Pneumonia','Discharged'),(642,642,90,5,'Accident','Admitted'),(643,643,90,5,'Accident','Admitted'),(644,644,90,1,'Stomach Ache','Admitted'),(646,646,90,1,'Pneumonia','Discharged'),(647,647,90,1,'Fever','Discharged'),(648,648,800,1,'Fever','Discharged'),(649,649,801,1,'Fever','Discharged'),(650,650,802,1,'Stomach Ache','Discharged'),(651,651,803,2,'Migraine','Discharged'),(652,652,804,2,'Stomach Ache','Discharged'),(653,653,805,2,'Migraine','Discharged'),(654,654,806,2,'Stomach Ache','Discharged'),(655,655,807,2,'Migraine','Admitted'),(656,656,808,3,'Stomach Ache','Admitted'),(657,657,809,3,'Migraine','Admitted'),(658,658,810,3,'Chest Pain','Admitted'),(659,659,811,4,'Bleeding','Admitted'),(660,660,812,4,'Chest Pain','Admitted'),(661,661,813,5,'Car Accident','Admitted'),(662,662,814,5,'Chest Pain','Admitted'),(664,664,816,1,'Fever','Discharged'),(665,665,817,1,'Fever','Discharged'),(667,667,819,1,'Fever','Discharged'),(668,668,820,1,'Laceration','Discharged'),(669,669,821,5,'Chest Pain','Admitted'),(670,670,822,5,'Chest Pain','Admitted'),(671,671,823,4,'Laceration','Discharged'),(672,672,824,2,'Pneumonia','Admitted'),(674,674,826,4,'Pneumonia','Admitted'),(675,675,827,2,'Pneumonia','Admitted'),(677,677,829,5,'Shortness of Breath','Discharged'),(678,678,830,1,'Fever','Discharged'),(679,679,831,1,'Stomach Ache','Discharged'),(680,680,832,1,'Migraine','Discharged'),(682,682,834,1,'Shortness of Breath','Discharged'),(683,683,835,1,'Fever','Discharged'),(685,685,837,1,'Fever','Discharged'),(687,687,839,4,'Pneumonia','Admitted'),(688,688,840,5,'Shortness of Breath','Admitted'),(689,689,841,2,'Shortness of Breath','Admitted'),(690,690,842,1,'Stomach Ache','Discharged'),(691,691,843,1,'Migraine','Discharged'),(693,693,845,1,'Migraine','Discharged'),(695,695,847,5,'Gun Shot','Admitted'),(696,696,848,4,'Pneumonia','Admitted'),(697,697,849,2,'Shortness of Breath','Admitted'),(698,698,850,3,'Migraine','Admitted'),(699,699,851,4,'Pneumonia','Admitted'),(700,700,852,2,'Pneumonia','Admitted'),(701,701,853,5,'Pneumonia','Admitted'),(702,702,854,5,'Accident','Admitted'),(703,703,855,1,'Intoxication','Discharged'),(704,704,856,1,'Intoxication','Discharged'),(705,705,857,1,'Fever','Discharged'),(706,706,858,1,'Stomach Ache','Discharged'),(707,707,859,1,'Migraine','Discharged'),(708,708,860,1,'Stomach Ache','Discharged'),(709,709,861,1,'Stomach Ache','Discharged'),(710,710,862,1,'Stomach Ache','Discharged'),(711,711,863,1,'Fever','Discharged'),(712,712,864,4,'Chest Pain','Discharged'),(713,713,865,5,'Chest Pain','Admitted'),(714,714,866,2,'Fever','Admitted'),(715,715,867,1,'Pneumonia','Discharged'),(716,716,868,1,'Pneumonia','Discharged'),(717,717,869,1,'Stomach Ache','Admitted'),(718,718,870,1,'Migraine','Discharged'),(719,719,871,1,'Pneumonia','Discharged'),(720,720,872,1,'Fever','Discharged'),(721,721,873,1,'Fever','Discharged'),(722,722,874,1,'Fever','Discharged'),(723,723,875,1,'Stomach Ache','Discharged'),(724,724,876,2,'Migraine','Discharged'),(725,725,877,2,'Stomach Ache','Discharged'),(726,726,878,2,'Migraine','Discharged'),(727,727,879,2,'Stomach Ache','Discharged'),(728,728,880,2,'Migraine','Admitted'),(729,729,881,3,'Stomach Ache','Admitted'),(730,730,882,3,'Migraine','Admitted'),(731,731,883,3,'Chest Pain','Admitted'),(732,732,884,4,'Bleeding','Admitted'),(733,733,885,4,'Chest Pain','Admitted'),(734,734,886,5,'Car Accident','Admitted'),(735,735,887,5,'Chest Pain','Admitted'),(736,736,888,1,'Bleeding','Discharged'),(737,737,889,1,'Fever','Discharged'),(738,738,890,1,'Fever','Discharged'),(739,739,891,1,'Fever','Discharged'),(740,740,892,1,'Fever','Discharged'),(741,741,893,1,'Laceration','Discharged'),(742,742,894,5,'Chest Pain','Admitted'),(743,743,895,5,'Chest Pain','Admitted'),(744,744,896,4,'Laceration','Discharged'),(746,746,898,3,'Pneumonia','Admitted'),(747,747,899,4,'Pneumonia','Admitted'),(748,748,900,2,'Pneumonia','Admitted'),(749,749,901,5,'Shortness of Breath','Discharged'),(750,750,902,5,'Shortness of Breath','Discharged'),(751,751,903,1,'Fever','Discharged'),(752,752,904,1,'Stomach Ache','Discharged'),(753,753,905,1,'Migraine','Discharged'),(754,754,906,1,'Shortness of Breath','Discharged'),(755,755,907,1,'Shortness of Breath','Discharged'),(756,756,908,1,'Fever','Discharged'),(758,758,910,1,'Fever','Discharged'),(759,759,911,1,'Fever','Admitted'),(760,760,912,4,'Pneumonia','Admitted'),(761,761,913,5,'Shortness of Breath','Admitted'),(762,762,914,2,'Shortness of Breath','Admitted'),(763,763,915,1,'Stomach Ache','Discharged'),(764,764,916,1,'Migraine','Discharged'),(765,765,850,1,'Stomach Ache','Discharged'),(766,766,851,1,'Migraine','Discharged'),(767,767,852,5,'Fever','Admitted'),(768,768,853,5,'Gun Shot','Admitted'),(770,770,855,2,'Shortness of Breath','Admitted'),(771,771,856,3,'Migraine','Admitted'),(772,772,857,4,'Pneumonia','Admitted'),(774,774,859,5,'Pneumonia','Admitted'),(775,775,860,5,'Accident','Admitted'),(776,776,861,1,'Intoxication','Discharged'),(777,777,862,1,'Intoxication','Discharged'),(778,778,863,1,'Fever','Discharged'),(779,779,864,1,'Stomach Ache','Discharged'),(780,780,865,1,'Migraine','Discharged'),(781,781,866,1,'Stomach Ache','Discharged'),(782,782,867,1,'Stomach Ache','Discharged'),(783,783,868,1,'Stomach Ache','Discharged'),(784,784,869,1,'Fever','Discharged'),(785,785,870,4,'Chest Pain','Discharged'),(786,786,871,5,'Chest Pain','Admitted'),(787,787,872,2,'Fever','Admitted'),(788,788,873,1,'Pneumonia','Discharged'),(789,789,874,1,'Pneumonia','Discharged'),(790,790,875,1,'Pneumonia','Discharged'),(791,791,876,1,'Pneumonia','Discharged'),(792,792,877,5,'Accident','Admitted'),(793,793,878,5,'Accident','Admitted'),(794,794,879,4,'Shortness of Breath','Admitted'),(795,795,880,2,'Shortness of Breath','Admitted'),(796,796,881,1,'Stomach Ache','Admitted'),(797,797,882,1,'Migraine','Discharged'),(798,798,883,1,'Pneumonia','Discharged'),(799,799,884,1,'Fever','Discharged'),(800,800,885,1,'Fever','Discharged'),(801,801,886,1,'Fever','Discharged'),(802,802,887,1,'Stomach Ache','Discharged'),(803,803,888,2,'Migraine','Discharged'),(804,804,889,2,'Stomach Ache','Discharged'),(805,805,890,2,'Migraine','Discharged'),(806,806,891,2,'Stomach Ache','Discharged'),(807,807,892,2,'Migraine','Admitted'),(808,808,893,3,'Stomach Ache','Admitted'),(809,809,894,3,'Migraine','Admitted'),(810,810,895,3,'Chest Pain','Admitted'),(811,811,896,4,'Bleeding','Admitted'),(812,812,897,4,'Chest Pain','Admitted'),(813,813,898,5,'Car Accident','Admitted'),(814,814,899,5,'Chest Pain','Admitted'),(815,815,900,1,'Bleeding','Discharged'),(816,816,901,1,'Fever','Discharged'),(817,817,902,1,'Fever','Discharged'),(819,819,904,1,'Fever','Discharged'),(820,820,905,1,'Laceration','Discharged'),(821,821,906,5,'Chest Pain','Admitted'),(822,822,907,5,'Chest Pain','Admitted'),(823,823,908,4,'Laceration','Discharged'),(824,824,909,2,'Pneumonia','Admitted'),(826,826,911,4,'Pneumonia','Admitted'),(827,827,912,2,'Pneumonia','Admitted'),(828,828,913,5,'Shortness of Breath','Discharged'),(830,830,915,1,'Fever','Discharged'),(831,831,916,1,'Stomach Ache','Discharged'),(833,833,851,1,'Shortness of Breath','Discharged'),(834,834,852,1,'Shortness of Breath','Discharged'),(835,835,853,1,'Fever','Discharged'),(836,836,854,1,'Shortness of Breath','Discharged'),(837,837,855,1,'Fever','Discharged'),(839,839,857,4,'Pneumonia','Admitted'),(841,841,859,2,'Shortness of Breath','Admitted'),(842,842,860,1,'Stomach Ache','Discharged'),(843,843,861,1,'Migraine','Discharged'),(844,844,862,1,'Stomach Ache','Discharged'),(846,846,864,5,'Fever','Admitted'),(847,847,865,5,'Gun Shot','Admitted'),(848,848,866,4,'Pneumonia','Admitted'),(849,849,867,2,'Shortness of Breath','Admitted'),(850,850,868,3,'Migraine','Admitted'),(851,851,869,4,'Pneumonia','Admitted'),(852,852,870,2,'Pneumonia','Admitted'),(853,853,871,5,'Pneumonia','Admitted'),(854,854,872,5,'Accident','Admitted'),(855,855,873,1,'Intoxication','Discharged'),(857,857,875,1,'Fever','Discharged'),(858,858,876,1,'Stomach Ache','Discharged'),(859,859,877,1,'Migraine','Discharged'),(860,860,878,1,'Stomach Ache','Discharged'),(861,861,879,1,'Stomach Ache','Discharged'),(862,862,880,1,'Stomach Ache','Discharged'),(863,863,881,1,'Fever','Discharged'),(864,864,882,4,'Chest Pain','Discharged'),(865,865,883,5,'Chest Pain','Admitted'),(866,866,884,2,'Fever','Admitted'),(867,867,885,1,'Pneumonia','Discharged'),(868,868,886,1,'Stomach Ache','Admitted'),(869,869,887,1,'Migraine','Discharged'),(871,871,889,1,'Fever','Discharged'),(872,872,890,1,'Fever','Discharged'),(874,874,892,1,'Stomach Ache','Discharged'),(875,875,893,2,'Migraine','Discharged'),(876,876,894,2,'Stomach Ache','Discharged'),(877,877,895,2,'Migraine','Discharged'),(878,878,896,2,'Stomach Ache','Discharged'),(879,879,897,2,'Migraine','Admitted'),(880,880,898,3,'Stomach Ache','Admitted'),(881,881,899,3,'Migraine','Admitted'),(882,882,900,3,'Chest Pain','Admitted'),(883,883,901,4,'Bleeding','Admitted'),(885,885,903,5,'Car Accident','Admitted'),(886,886,904,5,'Chest Pain','Admitted'),(887,887,905,1,'Bleeding','Discharged'),(888,888,906,1,'Fever','Discharged'),(889,889,907,1,'Fever','Discharged'),(891,891,909,1,'Fever','Discharged'),(892,892,910,1,'Laceration','Discharged'),(893,893,911,5,'Chest Pain','Admitted'),(894,894,912,5,'Chest Pain','Admitted'),(898,898,916,4,'Pneumonia','Admitted'),(899,899,850,2,'Pneumonia','Admitted'),(900,900,851,5,'Shortness of Breath','Discharged'),(901,901,852,5,'Shortness of Breath','Discharged'),(902,902,853,1,'Fever','Discharged'),(903,903,854,1,'Stomach Ache','Discharged'),(905,905,856,1,'Shortness of Breath','Discharged'),(907,907,858,1,'Fever','Discharged'),(908,908,859,1,'Shortness of Breath','Discharged'),(909,909,860,1,'Fever','Discharged'),(910,910,861,1,'Fever','Admitted'),(911,911,862,4,'Pneumonia','Admitted'),(914,914,865,1,'Stomach Ache','Discharged'),(915,915,866,1,'Migraine','Discharged'),(916,916,867,1,'Stomach Ache','Discharged'),(917,917,868,1,'Migraine','Discharged'),(918,918,869,5,'Fever','Admitted'),(919,919,870,5,'Gun Shot','Admitted'),(920,920,871,4,'Pneumonia','Admitted'),(921,921,872,2,'Shortness of Breath','Admitted'),(923,923,874,4,'Pneumonia','Admitted'),(924,924,875,2,'Pneumonia','Admitted'),(925,925,876,5,'Pneumonia','Admitted'),(926,926,877,5,'Accident','Admitted'),(927,927,878,1,'Intoxication','Discharged'),(928,928,879,1,'Intoxication','Discharged'),(929,929,880,1,'Fever','Discharged'),(930,930,881,1,'Stomach Ache','Discharged'),(931,931,882,1,'Migraine','Discharged'),(932,932,883,1,'Stomach Ache','Discharged'),(933,933,884,1,'Stomach Ache','Discharged'),(934,934,885,1,'Stomach Ache','Discharged'),(936,936,887,4,'Chest Pain','Discharged'),(937,937,888,5,'Chest Pain','Admitted'),(938,938,889,2,'Fever','Admitted'),(940,940,891,1,'Pneumonia','Discharged'),(941,941,892,1,'Pneumonia','Discharged'),(943,943,894,5,'Accident','Admitted'),(945,945,896,4,'Shortness of Breath','Admitted'),(946,946,897,1,'Stomach Ache','Admitted'),(947,947,898,1,'Migraine','Discharged'),(948,948,899,1,'Pneumonia','Discharged'),(949,949,900,1,'Fever','Discharged'),(950,950,901,1,'Fever','Discharged');
/*!40000 ALTER TABLE `ed_visits` ENABLE KEYS */;
UNLOCK TABLES;

--
-- Table structure for table `patients`
--

DROP TABLE IF EXISTS `patients`;
/*!40101 SET @saved_cs_client     = @@character_set_client */;
/*!50503 SET character_set_client = utf8mb4 */;
CREATE TABLE `patients` (
  `patient_id` int NOT NULL AUTO_INCREMENT,
  `first_name` varchar(50) NOT NULL,
  `last_name` varchar(50) NOT NULL,
  `date_of_birth` date NOT NULL,
  `gender` varchar(30) NOT NULL,
  `language` varchar(30) NOT NULL,
  PRIMARY KEY (`patient_id`)
) ENGINE=InnoDB AUTO_INCREMENT=946 DEFAULT CHARSET=utf8mb4 COLLATE=utf8mb4_0900_ai_ci;
/*!40101 SET character_set_client = @saved_cs_client */;

--
-- Dumping data for table `patients`
--

LOCK TABLES `patients` WRITE;
/*!40000 ALTER TABLE `patients` DISABLE KEYS */;
INSERT INTO `patients` VALUES (1,'Lanni','Sue','1960-01-01','Male','English'),(2,'Far','Myers','1985-11-15','Male','English'),(3,'Devlin ','Michael','1976-04-15','Male','English'),(4,'Carmine','Texas','1968-10-15','Male','English'),(5,'Tann ','Bama','1962-05-01','Male','English'),(6,'Jerrilyn ','Kane','1969-03-30','Male','English'),(7,'Skipton','Bar','1975-11-25','Male','English'),(8,'Alexandra','Green','1967-06-16','Male','English'),(9,'Devlin ','Black','1974-09-24','Male','English'),(10,'Granny','Man','1969-09-15','Male','English'),(11,'Dean','Kimberly','1972-02-22','Male','Spanish'),(12,'Zonnya','Ab','1963-05-23','Male','Spanish'),(13,'Skippie','Marriot','1978-05-12','Male','Spanish'),(14,'Gan','Yu','1970-06-02','Male','Spanish'),(15,'Gabriel','Saint','1961-11-18','Male','Spanish'),(16,'Far','Pardon','1974-08-08','Male','Spanish'),(17,'Gerhold','Kendall','1974-02-15','Male','Spanish'),(18,'Sheena','Kevin','1983-01-20','Male','Spanish'),(19,'Daugherty','Conner','1960-04-04','Male','Spanish'),(20,'Megan','Walter','1960-02-10','Male','Spanish'),(21,'Bailey ','King','1965-07-24','Male','Spanish'),(22,'Joesph','Long','1979-12-04','Male','Spanish'),(23,'Walter','Time','1971-02-20','Male','Spanish'),(24,'Gabriel ','Joseph','1986-05-31','Male','Spanish'),(25,'Lincoln ','Brenda','1986-07-24','Male','Spanish'),(26,'Sally','Bing','1972-08-03','Female','Spanish'),(27,'Mike','Bing','1977-07-29','Female','Spanish'),(28,'Jordan','Ross','1974-06-09','Female','Spanish'),(29,'Ted','Scott','1967-12-09','Female','Spanish'),(30,'Ala','Halpert','1986-11-26','Female','Spanish'),(31,'Harry','Ding','1960-10-08','Female','Spanish'),(32,'Barry','Creed','1982-01-24','Female','Spanish'),(33,'Ted','Stanley','1982-07-28','Female','Spanish'),(34,'Ted','Hue','1960-11-28','Female','Spanish'),(35,'Fred','Tye','1966-04-14','Female','Spanish'),(36,'Kim','Cone','1976-12-31','Female','Spanish'),(37,'Sarah','West','1984-06-18','Female','Spanish'),(38,'Abigail','Renter','1976-04-24','Female','Spanish'),(39,'Dave',' D\'Ambrogi','1984-08-31','Female','Spanish'),(40,'Christian',' Pow','1971-12-07','Female','Spanish'),(41,'Perry','kundt','1972-09-22','Female','Spanish'),(42,'Kent',' Priestnall','1983-06-03','Female','Spanish'),(43,'Ryan','Angear','1971-09-14','Female','Spanish'),(44,'Tyler','Nock','1973-07-19','Female','Spanish'),(45,'Barret','Doubrava','1962-10-18','Female','Spanish'),(46,'Ilise','de','1965-10-20','Male','Spanish'),(47,'Diahann',' Fealty','1975-02-14','Female','Spanish'),(48,'Cristen','Nock','1962-11-01','Female','Spanish'),(49,'Rinaldo',' Matevosian','1984-04-17','Female','Spanish'),(50,'Ashlee',' Wharin','1969-05-14','Female','Spanish'),(51,'Justin',' Machon','1960-02-26','Female','Spanish'),(52,'Mike',' Anthill','1962-04-05','Female','Spanish'),(53,'Bridget',' Philipsson','1962-10-20','Female','Spanish'),(54,'Brenda',' Polini','1967-12-17','Female','Spanish'),(55,'Chandler',' Pow','1987-01-30','Female','Spanish'),(56,'Joesph',' Inc','1962-08-06','Female','Spanish'),(57,'Dwight',' Steuhlmeyer','1962-02-20','Female','Spanish'),(58,'Michael',' Group','1978-12-04','Female','Spanish'),(59,'Pamela',' Bonco','1982-12-14','Female','Spanish'),(60,'Tony','Polini','1984-11-10','Female','Spanish'),(61,'Phyllis','Bloxholm','1975-05-30','Female','Spanish'),(62,'Holly','Durant','1974-11-02','Female','Spanish'),(63,'Trent','Kalil','1984-10-16','Female','Spanish'),(64,'Kimberly','Florie','1968-04-28','Female','Spanish'),(65,'Harry','Florie','1968-12-20','Female','Spanish'),(66,'Rosie','Jakubowski','1984-10-04','Female','Spanish'),(67,'Mia','Bob','1985-09-19','Female','Spanish'),(68,'Erik','Gardie','1975-11-26','Female','Spanish'),(69,'Alexis','Rinaldo','1961-12-01','Female','Spanish'),(70,'Gerhold','Miltie','1984-05-22','Female','Spanish'),(71,'Viv','Marcella','1978-06-11','Female','Spanish'),(72,'Rourke','Tobe','1972-05-12','Female','Spanish'),(73,'Jewel','Em','1962-02-04','Female','Spanish'),(74,'Lolita','Darci','1986-01-08','Female','Spanish'),(75,'Georgianna','Phillie','1981-10-02','Female','Spanish'),(76,'Kellen','Wandie','1962-11-04','Female','Spanish'),(77,'Aridatha','Tracy','1983-06-29','Female','Spanish'),(78,'Annaliese','Walkden','1964-01-17','Female','Spanish'),(79,'Marijn','Grinley','1984-09-04','Female','Spanish'),(80,'Mandi','Cripps','1964-12-22','Female','Spanish'),(81,'Labadie','Inc','1960-01-08','Female','Spanish'),(82,'Levon','Frankton','1962-07-29','Female','Spanish'),(83,'Charmine','Bernardt','1964-07-28','Male','Spanish'),(84,'Marianna','Prandoni','1979-10-05','Male','Spanish'),(85,'Gan','Dreschler','1983-04-16','Male','Spanish'),(86,'Aurore','Harrild','1964-07-05','Male','Spanish'),(87,'Jethro','Mochan','1976-09-04','Male','Spanish'),(88,'Myrtia','Revett','1979-11-03','Male','Spanish'),(89,'Georgianna','Sheeres','1984-10-02','Male','Spanish'),(90,'Cilka','Alden','1975-11-29','Male','Spanish'),(91,'Viv','Inc','1979-11-13','Male','Spanish'),(92,'Dean','Bhatia','1971-02-11','Male','Spanish'),(93,'Lucila','Eyers','1982-11-25','Male','Spanish'),(94,'Lolita','Folland','1982-07-31','Male','Spanish'),(95,'Abey','Philipsson','1978-06-24','Male','Spanish'),(96,'Far','Rudinger','1985-10-01','Male','Spanish'),(97,'Skippie','Breagan','1966-12-01','Male','Spanish'),(98,'Calla','Scupham','1970-11-05','Male','Spanish'),(99,'Gan','Harrild','1973-02-22','Male','Spanish'),(100,'Pollyanna','Bonifant','1980-12-26','Male','Spanish'),(101,'Calla','Wasiela','1967-12-30','Male','Spanish'),(102,'Gipsy','Frankton','1964-06-13','Male','Spanish'),(103,'Jethro','Wharin','1970-12-15','Male','Spanish'),(104,'Viv','Aylward','1979-06-27','Male','Spanish'),(105,'Swift','Dreschler','1973-05-27','Male','Spanish'),(106,'Fadel','Jacquemard','1982-01-16','Male','Spanish'),(107,'Myrtia','Pow','1972-09-18','Female','Spanish'),(108,'Damian','Anthill','1968-07-26','Female','Spanish'),(109,'Christiano','Bonhan','1968-03-13','Female','Spanish'),(110,'Jewel','Philipsson','1961-01-01','Female','Spanish'),(111,'Devlin','Stonehewer','1963-01-18','Female','Spanish'),(112,'Kellen','Bonhan','1985-01-24','Female','Spanish'),(113,'Shaine','MacLeod','1963-12-13','Female','Spanish'),(114,'Swift','Breagan','1964-09-25','Female','Spanish'),(115,'Zonnya','Frankton','1975-04-07','Female','Spanish'),(116,'Gerhold','Inc','1975-07-02','Female','Spanish'),(117,'Blondie','Inc','1962-12-10','Female','Spanish'),(118,'Kristofer','Scupham','1964-01-23','Female','Spanish'),(119,'Tann','Murcutt','1967-11-01','Female','Spanish'),(120,'Shaine','Tuson','1969-05-12','Female','Spanish'),(121,'Granny','Prandoni','1984-12-26','Female','English'),(122,'Hilll','Nock','1966-03-28','Female','English'),(123,'Pollyanna','Mochan','1973-05-06','Female','English'),(124,'Lucila','McGrann','1972-03-06','Female','English'),(125,'Mia','Inc','1971-03-21','Female','English'),(126,'Zonnya','Machon','1964-02-11','Female','English'),(127,'Blondie','Inc','1960-03-08','Female','English'),(128,'Fadel','Maseres','1978-09-16','Male','English'),(129,'Gerhold','Kneath','1973-04-03','Male','English'),(130,'Lanni','Angear','1965-10-31','Male','English'),(131,'Richy','McGrann','1961-06-07','Male','English'),(132,'Christiano','Matevosian','1965-04-18','Male','English'),(133,'Cally','Group','1969-10-02','Male','English'),(134,'Borer','Stonehewer','1969-10-17','Male','English'),(135,'Cally','Aylward','1962-01-13','Male','English'),(136,'Gabriel','Walkden','1981-05-17','Male','English'),(137,'Shaine','Machon','1979-11-19','Male','English'),(138,'Damian','Maseres','1973-05-17','Male','English'),(139,'Richy','Inc','1961-03-21','Male','English'),(140,'Cilka','Inc','1981-12-23','Male','English'),(141,'Daugherty','D\'Ambrogi','1961-02-19','Male','English'),(142,'Rourke','Mateiko','1966-06-22','Male','English'),(143,'Damian','Tuson','1981-11-12','Male','English'),(144,'Erik','Roughley','1961-07-13','Male','English'),(145,'Sheena','LLC','1966-10-17','Male','English'),(146,'Borer','Roughley','1968-12-29','Male','English'),(147,'Borer','Polini','1966-07-26','Male','English'),(148,'Sheena','McGrann','1965-10-10','Male','English'),(149,'Daugherty','Murcutt','1974-10-28','Male','English'),(150,'Erik','Mateiko','1961-11-15','Male','English'),(151,'Levon','Bonifant','1960-12-17','Male','English'),(152,'Georgianna','Group','1965-03-01','Male','English'),(153,'Marianna','Bernardt','1981-08-02','Female','English'),(154,'Rourke','Murcutt','1985-02-10','Female','English'),(155,'Fadel','Grinley','1981-03-20','Female','English'),(156,'Carmine','Steuhlmeyer','1961-10-13','Female','English'),(157,'Labadie','LLC','1981-10-02','Female','English'),(158,'Swift','LLC','1973-01-08','Female','English'),(159,'Ilise','Steuhlmeyer','1981-02-17','Female','English'),(160,'Rourke','Group','1963-09-18','Male','English'),(161,'Tann','Grinley','1965-12-20','Male','English'),(162,'Gipsy','Bhatia','1979-09-16','Male','English'),(163,'Marijn','Harrild','1971-06-21','Male','English'),(164,'Charmine','Folland','1963-01-04','Male','English'),(165,'Fadel','Bernardt','1986-05-29','Male','English'),(166,'Merrel','Inc','1962-05-02','Male','English'),(167,'Janaya','Priestnall','1970-04-17','Male','English'),(168,'Arie','Inc','1967-02-14','Male','English'),(169,'Glynis','Inc','1983-05-05','Male','English'),(170,'Marty','Wasiela','1966-10-05','Male','English'),(171,'Annelise','Bernardt','1980-11-05','Male','English'),(172,'Fadel','Angear','1977-03-29','Male','English'),(173,'Danell','MacLeod','1962-03-29','Male','English'),(174,'Kacie','Alden','1964-08-15','Male','English'),(175,'Aime','Eyers','1964-08-31','Male','English'),(176,'Jessika','Inc','1974-03-30','Male','English'),(177,'Catlee','Drawmer','1977-12-14','Male','English'),(178,'Gerhold','Cozzi','1968-10-23','Male','English'),(179,'Christyna','Blues','1974-04-02','Male','English'),(180,'Hasty','Laguerre','1981-07-05','Male','English'),(181,'Jessika','Tokley','1962-05-13','Male','English'),(182,'Janaye','Genders','1984-10-08','Male','English'),(183,'Annelise','Group','1972-09-20','Male','English'),(184,'Gunner','Willwood','1985-04-03','Male','English'),(185,'Robin','MacAvaddy','1960-07-15','Female','English'),(186,'Glynis','Burhouse','1984-02-01','Female','English'),(187,'Cathlene','Patriche','1961-12-04','Female','English'),(188,'Waylen','Royle','1976-12-30','Female','English'),(189,'Rempel','Group','1974-07-17','Male','English'),(190,'Dulciana','Ciobutaru','1972-11-13','Male','English'),(191,'Dulciana','Fontell','1977-01-16','Male','English'),(192,'Robin','Patriche','1968-06-09','Male','English'),(193,'Nata','Liddle','1985-11-04','Male','English'),(194,'Maryl','Genders','1969-05-07','Male','English'),(195,'Cummings','Malbon','1981-09-23','Male','English'),(196,'Cathlene','Kidwell','1966-03-13','Male','English'),(197,'Noam','Laguerre','1984-04-14','Male','English'),(198,'Arie','Bayless','1961-10-07','Male','English'),(199,'Janaye','O\'Mohun','1985-08-06','Male','English'),(200,'Fonz','Group','1964-01-15','Male','English'),(201,'Cummings','Pickup','1981-02-10','Male','English'),(202,'Nata','Pickup','1987-04-14','Male','English'),(203,'Fonz','Kidwell','1969-03-01','Male','English'),(204,'Gerhold','Cockett','1961-06-06','Male','English'),(205,'Danell','Mathet','1973-02-25','Male','English'),(206,'Gerhold','LLC','1983-12-07','Male','English'),(207,'Lucinda','Bayless','1964-08-18','Male','English'),(208,'Robin','Mariyushkin','1961-05-19','Male',''),(209,'Tania','Blues','1980-12-14','Male',''),(210,'Lucinda','Liddle','1985-01-07','Male',''),(211,'Arly','Fidell','1970-03-19','Male',''),(212,'Spence','LLC','1964-05-13','Male','English'),(213,'Dena','Cockett','1966-10-02','Male','English'),(214,'Bliss','Fidell','1971-01-13','Female','English'),(215,'Whitby','Group','1976-11-27','Female','English'),(216,'Rempel','Willwood','1979-01-22','Female','English'),(217,'Gratiana','Group','1961-10-08','Male','English'),(218,'Bliss','Dangerfield','1977-07-26','Male','English'),(219,'Noam','Kidwell','1979-10-24','Male','English'),(220,'Arly','Bover','1978-09-10','Male','English'),(221,'Merrel','Dangerfield','1964-05-01','Male','English'),(222,'Bentley','Jose','1965-02-17','Male','English'),(223,'Tisha','Haet','1968-07-15','Male','English'),(224,'Billie','Munns','1984-09-08','Male','English'),(225,'Aime','Cordoba','1979-08-15','Male','English'),(226,'Janaya','Shepeard','1963-08-14','Male','English'),(227,'Maia','Group','1985-09-15','Male','English'),(228,'Nolly','Miere','1968-06-19','Male','English'),(229,'Eb','Cordoba','1961-10-15','Male','English'),(230,'Waylen','Mariyushkin','1981-07-06','Male','English'),(231,'Gulgowski','Jose','1967-08-04','Male','English'),(232,'Christyna','Drawmer','1961-10-11','Male','English'),(233,'Bliss','Cawsby','1964-08-14','Male','English'),(234,'Eb','Underhill','1976-10-16','Male','English'),(235,'Nolly','Barnewille','1964-04-20','Male','English'),(236,'Billie','Burhouse','1983-03-29','Male','English'),(237,'Gratiana','Cozzi','1976-12-17','Male','English'),(238,'Krissie','Baudino','1980-12-05','Male','English'),(239,'Bentley','Kippax','1986-02-11','Male','English'),(240,'Chuck','Jurczik','1960-07-15','Male','English'),(241,'Gulgowski','O\'Mohun','1981-03-28','Male','English'),(242,'Chuck','LLC','1974-02-03','Female','English'),(243,'Dena','Ciobutaru','1965-12-20','Female','English'),(244,'Tisha','Cordoba','1961-07-03','Female','English'),(245,'Fadel','Jurczik','1963-01-30','Female','English'),(246,'Cummings','Kippax','1978-01-02','Female','English'),(247,'Selia','Barnewille','1973-12-14','Female',''),(248,'Worthington','Miere','1976-07-21','Female',''),(249,'Rempel','Krienke','1980-08-21','Female',''),(250,'Maryl','Cawsby','1964-06-09','Male',''),(251,'Mayert','Sarvar','1972-01-12','Male','English'),(252,'Selia','LLC','1968-01-13','Male','English'),(253,'Hasty','Sarvar','1967-05-31','Male','English'),(254,'Worthington','Munns','1975-08-28','Male','English'),(255,'Catlee','Underhill','1970-10-10','Male','English'),(256,'Modesty','Group','1970-04-18','Male','English'),(257,'Marty','LLC','1977-12-04','Male','English'),(258,'Fadel','Albrighton','1983-02-03','Male','English'),(259,'Mayert','MacGettigen','1983-01-22','Male','English'),(260,'Koepp','Group','1985-02-26','Male','English'),(261,'Marena','Mathet','1980-05-08','Male','English'),(262,'Lynelle','Group','1966-12-20','Male','English'),(263,'Ben','Albrighton','1983-08-07','Male','English'),(264,'Cristabel','Fontell','1963-12-22','Male','English'),(265,'Jaclyn','MacGettigen','1974-01-02','Male','English'),(266,'Lang','Royle','1966-02-07','Male','English'),(267,'Peter','Loche','1978-10-23','Male','English'),(268,'Avery','Tokley','1983-01-14','Male','English'),(269,'Ferdinand','Group','1962-10-08','Male','English'),(270,'Gherardo','Group','1973-10-27','Male','English'),(271,'Stroman','Group','1978-08-04','Male','English'),(272,'Peterus','Plewman','1973-04-04','Male','English'),(273,'Cole','Teal','1961-01-04','Male','English'),(274,'Marena','Yitzhok','1973-07-30','Male','English'),(275,'Saundra','Staig','1962-10-05','Female','English'),(276,'Ben','Cleaton','1966-09-27','Female','English'),(277,'Schmidt','Restaurants','1964-07-22','Female','English'),(278,'Greenfelder','Farryann','1980-06-19','Female','English'),(279,'Cirilo','Avey','1972-12-21','Female','English'),(280,'Michaelina','Beranek','1985-07-31','Female','English'),(281,'Lang','Gerlts','1970-10-13','Female','English'),(282,'Greenfelder','Group','1974-03-10','Female','English'),(283,'Lauren','Gaskal','1962-05-08','Female','English'),(284,'Renault','Harriman','1970-12-31','Female','English'),(285,'Saundra','Plewman','1961-10-28','Female','English'),(286,'Lang','Mixture','1969-08-16','Female','English'),(287,'Desmund','Yitzhok','1973-06-14','Female','English'),(288,'Delaney','LLC','1985-11-07','Female','English'),(289,'Upton','Group','1973-07-18','Female','English'),(290,'Tilda','Bristoe','1978-09-29','Female','English'),(291,'Hauck','Lincke','1971-12-24','Female','English'),(292,'Peterus','Restaurants','1960-10-07','Female','English'),(293,'Daron','Group','1973-06-25','Female','English'),(294,'Jamil','Le','1976-07-21','Female','English'),(295,'Gerlach','Savatier','1981-02-23','Female','English'),(296,'Derk','Mixture','1964-10-24','Female','English'),(297,'Abel','Restaurants','1967-08-23','Female','English'),(298,'Vania','Grimditch','1960-06-20','Female','English'),(299,'Yuri','Bulleyn','1972-05-12','Female','English'),(300,'Hauck','Brighouse','1960-04-10','Female','English'),(301,'Joly','Pistol','1965-12-29','Female','English'),(302,'Johann','LLC','1978-07-03','Female','English'),(303,'Gabby','Gaskal','1982-04-12','Female','English'),(304,'Derk','McGrorty','1968-07-20','Female','English'),(305,'Gilberte','Fance','1979-11-17','Female','English'),(306,'Jamil','LLC','1974-11-27','Female','English'),(307,'Michaelina','Duddan','1974-11-13','Female','English'),(308,'Koepp','Strike','1968-03-30','Female','English'),(309,'Vania','MacMurray','1979-06-26','Female','English'),(310,'Gerard','O\'Daly','1962-10-26','Female','English'),(311,'Cecilius','LLC','1968-07-01','Female','English'),(312,'Birk','Strapp','1968-01-15','Female','English'),(313,'Lynelle','Misken','1978-02-09','Female','English'),(314,'Daron','MacLennan','1982-08-09','Female','English'),(315,'Esther','Duddan','1972-11-09','Female','English'),(316,'Darla','Plain','1978-02-27','Female','English'),(317,'Bins','Fance','1965-01-09','Female','English'),(318,'Ximenes','Lincke','1975-09-23','Female','English'),(319,'Virginie','Group','1965-02-26','Female','English'),(320,'Gerard','MacMurray','1960-06-21','Female','English'),(321,'Gabby','Boutell','1971-12-11','Female','English'),(322,'Stan','Bentinck','1978-08-23','Female','English'),(323,'Lauren','Foort','1960-06-23','Female','English'),(324,'Aguste','Teal','1977-08-16','Female','English'),(325,'Eva','McGrorty','1980-12-14','Female','English'),(326,'Mordy','Weeden','1962-03-28','Female','English'),(327,'Louie','Hassen','1961-01-17','Female','English'),(328,'Raviv','Inc','1973-07-21','Female','English'),(329,'Ferdinand','Gomme','1971-03-10','Female','English'),(330,'Susi','Fadian','1985-01-15','Female','English'),(331,'Eva','Boutell','1969-10-12','Female','English'),(332,'Gherardo','MacLennan','1978-01-28','Female','English'),(333,'Vitoria','Maro','1982-02-08','Female','English'),(334,'Tilda','Le','1960-05-03','Female','English'),(335,'Rice','Olanda','1980-08-10','Female','English'),(336,'Avery','Goretti','1973-10-12','Female','English'),(337,'Eva','Braunston','1980-03-23','Female','English'),(338,'Scottie','Phetteplace','1960-03-03','Female','English'),(339,'Evanne','Seager','1981-10-12','Female','English'),(340,'Nollie','Beranek','1975-07-23','Male','English'),(341,'Micheil','Brendeke','1966-11-21','Male','English'),(342,'Gabby','Goretti','1960-05-05','Male','English'),(343,'Greenfelder','Gerlts','1973-08-06','Male','English'),(344,'Jaclyn','Kirkhouse','1963-11-08','Male','English'),(345,'Stroman','Pistol','1977-09-22','Male','English'),(346,'Mante','Group','1983-01-10','Male','English'),(347,'Eddy','Avey','1984-02-08','Male','English'),(348,'Lynnelle','Goretti','1972-10-02','Male','English'),(349,'Mikol','Winear','1983-04-11','Male','English'),(350,'Randy','Bruce','1975-03-11','Male','English'),(351,'Derk','Garbutt','1966-11-20','Male','English'),(352,'Evanne','Woodford','1971-08-21','Male','English'),(353,'Yuri','MacLennan','1974-09-13','Male','English'),(354,'Yuri','Group','1972-09-13','Male','English'),(355,'Vitoria','Cleaton','1977-05-07','Male','English'),(356,'Eddy','Group','1964-10-10','Male','English'),(357,'Aguste','Inc','1982-12-14','Male','English'),(358,'Johannes','Carmen','1981-08-08','Male','English'),(359,'Willetta','Beckensall','1987-05-11','Male','English'),(360,'Cirilo','Yitzhak','1961-03-12','Male','English'),(361,'Vitoria','Devo','1984-10-11','Male','English'),(362,'Micheil','Duddan','1975-10-06','Male','English'),(363,'Iorgos','Bruce','1971-10-31','Male','English'),(364,'Ben','O\'Daly','1969-05-22','Male','English'),(365,'Johannes','O\'Daly','1983-01-14','Female','English'),(366,'Pascale','Kirkhouse','1971-02-27','Female','English'),(367,'Gherardo','Carmen','1978-10-09','Female','English'),(368,'Vale','Olanda','1986-04-15','Female','English'),(369,'Johann','Smalls','1978-11-22','Female','English'),(370,'Zulauf','Ellingham','1982-12-17','Female','English'),(371,'Gerard','Bristoe','1984-06-05','Female','English'),(372,'Hauck','Kirkhouse','1976-03-30','Female','English'),(373,'Randy','Woodford','1971-06-12','Female','English'),(374,'Britt','Dureden','1986-11-19','Female','English'),(375,'Cecilius','Yitzhok','1972-02-03','Female','English'),(376,'Vale','Smalls','1983-10-20','Female','English'),(377,'Courtnay','Cubuzzi','1964-06-22','Female','English'),(378,'Ximenes','Gerlts','1976-04-20','Female','English'),(379,'Gilberte','Chatel','1977-07-01','Female','English'),(380,'Cole','Misken','1968-11-21','Female','English'),(381,'Rice','LLC','1982-05-13','Female','English'),(382,'Brendan','Boutell','1977-06-17','Female','English'),(383,'Zulauf','LLC','1969-03-16','Female','English'),(384,'Joly','Devo','1964-06-01','Female','English'),(385,'Reeta','Choppen','1966-05-11','Female','English'),(386,'Ardeen','Bentinck','1975-05-05','Female','English'),(387,'Cristabel','Chatel','1986-07-10','Male','English'),(388,'Kimberley','Cassell','1961-04-20','Male','English'),(389,'Tibold','Gomme','1984-06-07','Male','English'),(390,'Evanne','Plain','1972-07-11','Male','English'),(391,'Stan','Harriman','1966-12-24','Male','English'),(392,'Birk','Group','1978-12-02','Male','English'),(393,'Courtnay','Leadston','1977-09-09','Male','English'),(394,'Nettle','LLC','1977-08-20','Male','English'),(395,'Renault','Strapp','1981-02-12','Male','English'),(396,'Duky','Deere','1984-12-06','Male','English'),(397,'Kimberley','Matusevich','1963-07-30','Male','English'),(398,'Susi','Staig','1972-01-06','Male','English'),(399,'Lindie','Lye','1968-06-03','Male','English'),(400,'Gilberte','Gumby','1966-11-05','Male','English'),(401,'Jesse','Bruce','1983-05-03','Male','English'),(402,'Mante','Maro','1987-04-01','Male','English'),(403,'Gerlach','Foort','1972-11-23','Male','English'),(404,'Ziemann','Cassell','1972-06-04','Male','English'),(405,'Koepp','Buttriss','1985-09-20','Male','English'),(406,'Constantia','Savatier','1982-06-25','Male','English'),(407,'Daron','Theodoris','1963-05-31','Male','English'),(408,'Duky','Lye','1964-07-28','Male','English'),(409,'Birk','Brendeke','1975-05-15','Male','English'),(410,'Ximenes','Spoole','1976-12-08','Male','English'),(411,'Ziemann','Plain','1973-09-28','Male','English'),(412,'Ardelle','Scrowston','1964-11-18','Female','English'),(413,'Iorgos','Inc','1981-01-26','Female','English'),(414,'Johannah','LLC','1979-04-05','Female','English'),(415,'Nollie','Foods','1984-07-01','Female','English'),(416,'Constantia','Group','1986-03-26','Female','English'),(417,'Delaney','Carrick','1967-01-03','Female','English'),(418,'Archy','McGrorty','1984-12-01','Female','English'),(419,'Goldina','Theodoris','1975-08-31','Female','English'),(420,'Peter','Foort','1979-10-18','Male','English'),(421,'Bins','Gomme','1963-11-02','Male','English'),(422,'Ogdon','Foods','1981-04-01','Male','English'),(423,'Gerlach','Brandone','1964-10-04','Male','English'),(424,'Amity','Dureden','1972-10-25','Male','English'),(425,'Goldina','Jackways','1979-12-05','Male','English'),(426,'Bins','Garbutt','1961-12-30','Male','English'),(427,'Nettle','Carrick','1971-08-29','Male','English'),(428,'Tarrance','Bulleyn','1974-02-01','Male','English'),(429,'Scottie','Crohan','1968-11-07','Male','English'),(430,'Darla','Baldacchi','1971-05-25','Male','English'),(431,'Bernadina','Farryann','1962-03-20','Male','English'),(432,'Stan','Inc','1971-03-09','Male','English'),(433,'Desmund','Cainey','1964-12-31','Male','English'),(434,'Mikol','LLC','1961-02-07','Male','English'),(435,'Willetta','Brabyn','1961-01-19','Male','English'),(436,'Eddy','Baldacchi','1979-04-02','Male','English'),(437,'Bernadina','Inc','1975-05-02','Male','English'),(438,'Daryl','Buttriss','1970-10-16','Male','English'),(439,'Allyn','Faye','1982-03-07','Male','English'),(440,'Ogdon','Winear','1976-03-16','Male','English'),(441,'Brendan','Hassen','1966-06-03','Male','English'),(442,'Jesse','Hoys','1976-11-19','Male','English'),(443,'Daryl','Gehringer','1984-03-27','Male','English'),(444,'Isis','Grimditch','1960-03-01','Male','English'),(445,'Pascale','Yitzhak','1968-09-05','Female','English'),(446,'Raviv','Ellingham','1976-05-02','Female','English'),(447,'Roland','Carmen','1981-01-28','Female','English'),(448,'Virginie','Hoys','1980-06-11','Female','English'),(449,'Ardis','Wimbury','1961-10-30','Female','English'),(450,'Reeta','Krollmann','1966-01-10','Female','English'),(451,'Britt','Cainey','1965-01-05','Female','English'),(452,'Roland','Leadston','1982-10-11','Female','English'),(453,'Morgan','Scrowston','1986-12-19','Female','English'),(454,'Johannah','Wimbury','1968-07-02','Female','English'),(455,'Zulauf','Alvar','1961-10-02','Female','English'),(456,'Gerlach','Cubuzzi','1978-09-08','Female','English'),(457,'Louie','Seager','1964-12-13','Female','English'),(458,'Duky','Shiel','1961-11-04','Female','English'),(459,'Krystyna','Fadian','1970-11-13','Female','English'),(460,'Virginie','Kubala','1984-02-16','Female','English'),(461,'Upton','Deere','1985-05-28','Female','English'),(462,'Schmidt','Choppen','1965-04-30','Female','English'),(463,'Esther','Shiel','1984-10-04','Female','English'),(464,'Zulauf','Manske','1965-06-22','Female','English'),(465,'Gwendolyn','Jackways','1978-10-28','Female','English'),(466,'Willetta','LLC','1976-09-24','Female','English'),(467,'Ziemann','LLC','1975-01-29','Female','English'),(468,'Stan','Phetteplace','1977-12-10','Female','English'),(469,'Desmund','Theodoris','1962-02-20','Female','English'),(470,'Tarrance','Coyte','1967-09-19','Female','English'),(471,'Ardis','Fadian','1963-09-22','Female','English'),(472,'Darla','Brighouse','1977-09-23','Female','English'),(473,'Morgan','LLC','1960-03-30','Female','English'),(474,'Roland','Weeden','1970-06-17','Female','English'),(475,'Ferdinand','LLC','1976-04-29','Female','English'),(476,'Esther','Boomes','1965-05-20','Female','English'),(477,'Schmidt','Ellingham','1984-09-26','Female','English'),(478,'Stroman','Foods','1965-11-06','Female','English'),(479,'Ardelle','Gehringer','1976-03-27','Female','English'),(480,'Tibold','Grimditch','1974-06-01','Female','English'),(481,'Florri','Faye','1978-08-13','Female','English'),(482,'Angel','Kubala','1983-02-15','Male','English'),(483,'Angy','Hassen','1961-10-24','Male','English'),(484,'Bogan','Paddell','1969-05-11','Male','English'),(485,'Reinwald','Shiel','1967-12-12','Male','English'),(486,'Graham','Beranek','1962-12-07','Male','English'),(487,'Georgy','Weeden','1964-02-10','Male','English'),(488,'Rogahn','LLC','1970-06-02','Male','English'),(489,'Graham','Group','1963-02-08','Male','English'),(490,'Angel','Brandone','1979-06-28','Male','English'),(491,'Graham','Gumby','1977-04-17','Male','English'),(492,'Grimes','Dubarry','1974-10-04','Male','English'),(493,'Debbie','Ainscow','1966-06-26','Male','English'),(494,'Dedie','Twiggs','1979-06-17','Male','English'),(495,'Grimes','LLC','1980-02-01','Male','English'),(496,'Lilyan','Alekseev','1982-03-24','Male','English'),(497,'Benji','LLC','1978-03-01','Male','English'),(498,'Bogan','Claiton','1983-02-15','Male','English'),(499,'Adolphe','Group','1981-05-20','Male','English'),(500,'Ewan','LLC','1968-09-13','Male','English'),(501,'Wileen','Ainscow','1972-05-04','Male','English'),(502,'Susana','LLC','1975-04-23','Male','English'),(503,'Giovanni','Group','1982-07-30','Male','English'),(504,'Angy','McIlveen','1976-11-20','Male','English'),(505,'Maud','Perelli','1978-04-27','Male','English'),(506,'Bogan','Group','1973-02-20','Male','English'),(507,'Dedie','Nannizzi','1973-11-09','Male','English'),(508,'Grimes','Minkin','1970-09-24','Male','English'),(509,'Adolphe','LLC','1972-03-17','Male','English'),(510,'Adolphe','Volker','1981-06-30','Male','English'),(511,'Giovanni','Skerrett','1963-12-03','Male','English'),(512,'Derrek','McNellis','1969-02-28','Male','English'),(513,'Bogan','Baglow','1961-05-27','Male','English'),(514,'Lilyan','Kirkhouse','1962-08-20','Male','English'),(515,'Ewan','Twiggs','1962-02-10','Male','English'),(516,'Rogahn','Physick','1969-08-09','Male','English'),(517,'Georgy','LLC','1979-07-04','Male','English'),(518,'Susana','Perelli','1975-03-25','Male','English'),(519,'Maud','Group','1963-04-10','Male','English'),(520,'Rogahn','Volker','1985-12-12','Male','English'),(521,'Lem','Volker','1980-03-02','Male','English'),(522,'Reinwald','Kirkhouse','1964-01-02','Male','English'),(523,'Debbie','Shalloo','1981-12-25','Male','English'),(524,'Lem','LLC','1963-11-15','Male','English'),(525,'Reinwald','Nannizzi','1963-09-13','Male','English'),(526,'Georgy','Skerrett','1965-12-06','Male','English'),(527,'Zsa','Group','1967-11-17','Male','English'),(528,'Dniren','Claiton','1972-03-02','Male','English'),(529,'Hewie','Baglow','1960-07-17','Male','English'),(530,'Jaymee','Physick','1985-09-21','Male','English'),(531,'Dniren','Group','1969-08-19','Male','English'),(532,'Rogahn','Stenhouse','1983-12-11','Male','English'),(533,'Chaddy','Alekseev','1962-09-25','Male','English'),(534,'Giovanni','McIlveen','1974-10-02','Male','English'),(535,'Tamarah','Stenhouse','1981-06-12','Male','English'),(536,'Derrek','Alekseev','1962-09-21','Male','English'),(537,'Derrek','Claiton','1965-02-18','Male','English'),(538,'Benji','zsa','1978-11-22','Male','English'),(539,'Hewie','Choudhury','1976-12-27','Male','English'),(540,'Zara','Flinn','1965-08-06','Male','English'),(541,'Dniren','Aucourte','1975-01-18','Male','English'),(542,'Zsa','Choudhury','1985-04-26','Male','English'),(543,'Florri','Group','1973-02-15','Male','English'),(544,'Hewie','Droghan','1972-02-18','Male','English'),(545,'Jaymee','Kirkhouse','1985-05-18','Male','English'),(546,'Graham','Baynton','1976-12-20','Male','English'),(547,'Rogahn','Shalloo','1985-07-24','Male','English'),(548,'Lem','Shalloo','1966-02-22','Male','English'),(549,'Jaymee','Minkin','1964-12-09','Male','English'),(550,'Florri','Flinn','1966-07-12','Male','English'),(551,'Susana','Penwell','1967-04-12','Male','English'),(552,'Chaddy','Choudhury','1971-03-03','Male','English'),(553,'Ewan','zsa','1972-05-04','Male','English'),(554,'Hashim','Dubarry','1983-06-09','Male','English'),(555,'Jasen','Flinn','1971-08-27','Male','English'),(556,'Lonni','Aucourte','1978-09-21','Male','English'),(557,'Winnie','LLC','1964-07-23','Male','English'),(558,'Hyman','Group','1968-11-02','Male','English'),(559,'Walker','Stenhouse','1981-09-06','Male','English'),(560,'Robyn','Aucourte','1960-02-11','Male','English'),(561,'Jerry','Dubarry','1976-07-02','Male','English'),(562,'Dom','Baglow','1986-07-26','Male','English'),(563,'Gui','Droghan','1985-01-31','Male','English'),(564,'Jenna','Skerrett','1968-04-28','Male','English'),(565,'Odelle','Colerick','1973-08-24','Male','English'),(566,'Hoeger','Lattka','1977-09-05','Male','English'),(567,'Emlynne','Rapinett','1980-12-09','Male','English'),(568,'Gianina','Mizzen','1981-01-20','Male','English'),(569,'Ignazio','Melling','1986-12-25','Male','English'),(570,'Willette','Group','1962-02-17','Male','English'),(571,'Jerry','Rings','1960-12-29','Male','English'),(572,'Kelley','Nizet','1981-03-24','Male','English'),(573,'Stephan','Addicote','1975-11-12','Male','English'),(574,'Spike','Pirnie','1981-12-11','Male','English'),(575,'Ignazio','Crofts','1976-12-17','Male','English'),(576,'Analise','Walsh','1977-05-11','Male','English'),(577,'Kelley','LLC','1964-06-16','Male','English'),(578,'Jenna','Crinson','1978-04-16','Male','English'),(579,'Winnie','Rewcassell','1976-05-10','Male','English'),(580,'Brandtr','Goncalo','1979-07-31','Male','English'),(581,'Constanta','Edgin','1960-06-06','Male','English'),(582,'Hashim','Nizet','1985-11-01','Female','English'),(583,'Lewie','De','1984-11-20','Female','English'),(584,'Abernathy','Elliott','1976-08-28','Female','English'),(585,'Robyn','Blunsden','1976-11-16','Female','English'),(586,'Marcie','Goncalo','1977-08-09','Female','English'),(587,'Johnathan','Philo','1974-06-22','Female','English'),(588,'Christoforo','De','1974-12-27','Female','English'),(589,'Tessa','Crofts','1963-06-02','Female','English'),(590,'Brunhilda','Mizzen','1976-05-20','Female','English'),(591,'Odelle','Hadingham','1972-09-06','Male','English'),(592,'Johnathan','Addams','1970-11-04','Male','English'),(593,'Veronica','Colerick','1964-12-12','Male','English'),(594,'Josi','Suche','1984-11-04','Male','English'),(595,'Ced','Group','1965-07-19','Male','English'),(596,'Homenick','Rings','1986-02-24','Male','English'),(597,'Oralle','Applin','1974-05-08','Male','English'),(598,'Veronica','Ramsbotham','1984-08-05','Male','English'),(599,'Dorian','Lanney','1963-04-25','Male','English'),(600,'Lesli','Charette','1976-08-27','Male','English'),(601,'Aurelie','Lerner','1983-07-24','Male','English'),(602,'Marjie','Walsh','1982-06-12','Male','English'),(603,'Jerde','Ramsbotham','1969-02-10','Male','English'),(604,'Hyacinth','McFee','1972-06-09','Male','English'),(605,'Hoeger','Bason','1967-12-18','Male','English'),(606,'Megen','Dunbobbin','1981-02-10','Male','English'),(607,'Brandtr','Inc','1962-02-25','Male','English'),(608,'Purcell','Phythian','1964-02-27','Male','English'),(609,'Spike','McFee','1977-06-24','Male','English'),(610,'Jasen','Softley','1969-04-28','Male','English'),(611,'Adolf','Ormes','1975-12-04','Male','English'),(612,'Dom','McGeorge','1981-01-28','Male','English'),(613,'Raf','Lonergan','1972-04-22','Male','English'),(614,'Adolf','Inc','1969-08-29','Male','English'),(615,'Hyman','Slark','1977-08-13','Male','English'),(616,'Thor','LLC','1971-11-11','Female','English'),(617,'Hillier','Colborn','1971-12-02','Female','English'),(618,'Tonia','Hadingham','1979-06-15','Female','English'),(619,'Walker','Dubose','1975-07-15','Female','English'),(620,'Abernathy','Blunsden','1972-06-17','Female','English'),(621,'Udell','Lattka','1985-03-20','Female','English'),(622,'Kelley','Kitchenham','1977-09-06','Female','English'),(623,'Lewie','Addicote','1973-03-07','Female','English'),(624,'Runolfsdottir','Cokayne','1975-09-04','Female','English'),(625,'Hillier','Kitchenham','1977-04-21','Female','English'),(626,'Gui','Melling','1976-12-08','Female','English'),(627,'Shae','Illiston','1979-10-26','Female','English'),(628,'Alley','Endrizzi','1965-01-13','Female','English'),(629,'Hyacinth','Zanni','1969-07-11','Female','English'),(630,'Leela','Group','1978-11-24','Female','English'),(631,'Hillier','Group','1976-12-14','Female','English'),(632,'Homenick','Filochov','1971-09-27','Female','English'),(633,'Johnathan','De','1968-09-20','Female','English'),(634,'Tessa','Suche','1978-12-15','Female','English'),(635,'Stephan','LLC','1979-07-29','Female','English'),(636,'Berna','Endrizzi','1965-04-11','Female','English'),(637,'Purcell','Pirnie','1969-06-25','Female','English'),(638,'Royall','Iorillo','1976-02-06','Female','English'),(639,'Willette','Crellin','1985-05-17','Female','English'),(640,'Hashim','Slark','1986-10-13','Female','English'),(641,'Homenick','Wisniewski','1960-02-27','Female','English'),(642,'Jerde','Endrizzi','1961-04-30','Female','English'),(643,'Arlinda','Inc','1980-07-26','Female','English'),(644,'Ellie','Ramsbotham','1986-05-21','Female','English'),(645,'Jenna','Charette','1976-07-25','Female','English'),(646,'Andree','Elliott','1975-08-23','Female','English'),(647,'Lesli','MacDermott','1974-01-01','Female','English'),(648,'Lonni','Dubose','1961-03-06','Female','English'),(649,'Runolfsdottir','Burnet','1963-11-26','Female','English'),(650,'Gianina','Edgin','1966-11-26','Male','English'),(651,'Padriac','Colerick','1969-07-07','Male','English'),(652,'Megen','Inc','1978-09-06','Male','English'),(653,'Hyacinth','Inc','1976-07-18','Male','English'),(654,'Conrade','Hegge','1975-09-24','Male','English'),(655,'Jasen','Worley','1976-01-26','Male','English'),(656,'Padriac','Crofts','1980-10-13','Male','English'),(657,'Marco','Vango','1985-04-06','Male','English'),(658,'Shae','Ormes','1964-10-07','Male','English'),(659,'Christoforo','Rapinett','1983-07-07','Male','English'),(660,'Josi','LLC','1976-12-06','Male','English'),(661,'Hoeger','Rewcassell','1974-11-18','Male','English'),(662,'Brunhilda','Gow','1960-11-12','Male','English'),(663,'Robyn','Colborn','1978-07-08','Male','English'),(664,'Walker','Slark','1981-11-13','Male','English'),(665,'Thor','Allder','1971-09-26','Male','English'),(666,'Leela','Lattka','1985-11-29','Male','English'),(667,'Hoeger','Gow','1961-06-03','Male','English'),(668,'Llewellyn','Buckmaster','1984-07-12','Male','English'),(669,'Oralle','Iorillo','1971-04-03','Male','English'),(670,'Jerde','Lanney','1970-01-12','Male','English'),(671,'Marjie','Bason','1974-01-05','Male','English'),(672,'Mair','LLC','1970-04-28','Male','English'),(673,'Hyman','Lerner','1984-11-30','Male','English'),(674,'Udell','Rings','1972-08-29','Male','English'),(675,'Llewellyn','Group','1986-11-09','Female','English'),(676,'Allard','Illiston','1976-03-21','Female','English'),(677,'Josi','Wisniewski','1966-08-02','Female','English'),(678,'Ignazio','LLC','1976-04-11','Female','English'),(679,'Homenick','Whillock','1979-03-19','Female','English'),(680,'Gianina','Phythian','1978-06-05','Female','English'),(681,'Larissa','Inc','1968-06-30','Female','English'),(682,'Nevil','Lonergan','1979-06-22','Female','English'),(683,'Nora','Mallabar','1974-01-20','Female','English'),(684,'Werner','Melling','1982-09-26','Female','English'),(685,'Brandea','Filochov','1976-03-06','Female','English'),(686,'Arluene','Whillock','1975-12-04','Female','English'),(687,'Daisie','Dalloway','1970-08-15','Female','English'),(688,'Nevil','Bason','1970-04-22','Female','English'),(689,'Niles','Goncalo','1969-05-30','Female','English'),(690,'Rudy','Inc','1987-01-30','Female','English'),(691,'Siouxie','Rewcassell','1983-11-27','Female','English'),(692,'Renato','Petrovic','1976-06-05','Female','English'),(693,'Hendrika','Webberley','1966-06-06','Female','English'),(694,'Russel','Geffcock','1961-04-05','Female','English'),(695,'Hyatt','Spark','1985-05-24','Female','English'),(696,'Jake','Adamsson','1983-10-01','Female','English'),(697,'Yuri','Kolis','1967-06-20','Female','English'),(698,'Eberto','Connelly','1965-01-30','Female','English'),(699,'Nevil','Webberley','1972-05-25','Female','English'),(700,'Hahn','Aaron','1985-08-05','Female','English'),(701,'Lucille','Terzi','1973-04-25','Female','English'),(702,'Konopelski','Chattington','1981-01-09','Female','English'),(703,'Stokes','Wadeling','1975-07-24','Female','English'),(704,'Normie','Tidman','1975-12-03','Female','English'),(705,'Hendrika','Group','1973-09-24','Female','English'),(706,'Conway','Darwent','1983-05-14','Female','English'),(707,'Normie','Zellick','1982-05-29','Female','English'),(708,'Russel','Dudley','1970-12-30','Male','English'),(709,'Ab','McGonigle','1979-12-10','Male','English'),(710,'Myrah','Webberley','1964-08-13','Male','English'),(711,'Chandal','LLC','1984-05-20','Male','English'),(712,'Luce','Monnoyer','1967-08-06','Male','English'),(713,'Konopelski','LLC','1982-03-15','Male','English'),(714,'Brandea','Group','1983-09-20','Male','English'),(715,'Niles','Shaw','1986-12-15','Male','English'),(716,'Lavena','Tidman','1960-10-19','Male','English'),(717,'Hahn','Baudy','1961-03-02','Male','English'),(718,'Luce','Shaw','1978-06-09','Male','English'),(719,'Stokes','Group','1961-06-18','Male','English'),(720,'Lavena','Walsh','1970-11-26','Male','English'),(721,'Rogahn','Smullen','1974-04-04','Male','English'),(722,'Jany','Habbal','1970-07-31','Male','English'),(723,'Gulgowski','Loxly','1966-04-13','Male','English'),(724,'Lucille','LLC','1974-09-17','Male','English'),(725,'Ermentrude','Adamsson','1976-01-01','Male','English'),(726,'Ermentrude','Aaron','1982-09-03','Male','English'),(727,'Hansen','Hacard','1980-11-07','Male','English'),(728,'Jenkins','LLC','1968-01-18','Male','English'),(729,'Stacy','Loxly','1971-07-10','Male','English'),(730,'Hansen','Group','1975-03-30','Male','English'),(731,'Ermentrude','Hacard','1978-04-17','Male','English'),(732,'Franecki','LLC','1980-09-14','Male','English'),(733,'Larissa','Gillam','1971-03-30','Female','English'),(734,'Yvette','Inc','1986-11-23','Female','English'),(735,'Hahn','Monnoyer','1960-03-21','Female','English'),(736,'Hyatt','Hegley','1968-09-22','Female','English'),(737,'Myrah','Hegley','1984-11-14','Female','English'),(738,'Konopelski','Group','1975-11-28','Female','English'),(739,'Chandal','Group','1985-04-19','Female','English'),(740,'Tiena','Mahomet','1960-07-23','Female','English'),(741,'Rogahn','Group','1960-03-14','Female','English'),(742,'Ondricka','Hegley','1980-11-26','Female','English'),(743,'Raynor','Group','1972-05-11','Female','English'),(744,'Eberto','Petrovic','1982-12-25','Female','English'),(745,'Ezekiel','Mayze','1968-07-11','Female','English'),(746,'Werner','LLC','1984-10-28','Female','English'),(747,'Yuri','Darwent','1968-08-07','Female','English'),(748,'Franecki','Smullen','1975-12-07','Female','English'),(749,'Eberto','LLC','1976-10-21','Female','English'),(750,'Jake','Habbal','1976-06-17','Female','English'),(751,'Gulgowski','McGarry','1974-08-31','Female','English'),(752,'Charin','LLC','1985-05-12','Female','English'),(753,'Jenkins','LLC','1971-08-13','Female','English'),(754,'Janeta','Group','1960-12-23','Female','English'),(755,'Janeta','McGonigle','1984-12-21','Female','English'),(756,'Lavena','Olyonov','1964-07-29','Female','English'),(757,'Rogahn','Spark','1975-07-04','Female','English'),(758,'Brigitta','Dudley','1975-11-21','Male','English'),(759,'Stokes','Group','1984-11-01','Male','English'),(760,'Tiena','McGonigle','1962-10-25','Male','English'),(761,'Ezekiel','Zellick','1969-08-16','Male','English'),(762,'Jany','Inc','1968-12-15','Male','English'),(763,'Ondricka','Soame','1980-09-02','Male','English'),(764,'Alano','Group','1973-09-17','Male','English'),(765,'Cornela','Stein','1961-01-04','Male','English'),(766,'Jake','Stein','1962-06-24','Male','English'),(767,'Franecki','Hacard','1982-07-06','Male','English'),(768,'Hansen','LLC','1966-11-28','Male','English'),(769,'Gulgowski','Dearlove','1960-04-17','Male','English'),(770,'Ondricka','Group','1980-02-21','Male','English'),(771,'Jenkins','McGarry','1980-08-25','Male','English'),(772,'Hansen','Olyonov','1969-03-30','Male','English'),(773,'Myrah','Gillam','1982-08-27','Male','English'),(774,'Twyla','LLC','1983-08-09','Male','English'),(775,'Matty','Cudmore','1978-02-09','Male','English'),(776,'Stacy','Bunnell','1963-01-26','Male','English'),(777,'Matty','Zellick','1977-02-16','Male','English'),(778,'Siouxie','Group','1986-04-28','Male','English'),(779,'Mohr','Group','1974-07-27','Male','English'),(780,'Nora','Inc','1974-03-24','Male','English'),(781,'Franecki','LLC','1972-12-05','Male','English'),(782,'Hyatt','Group','1976-11-23','Male','English'),(783,'Renato','Group','1979-11-19','Female','English'),(784,'Janeta','Smullen','1965-09-20','Female','English'),(785,'Hakeem','Dinsdale','1964-08-09','Female','English'),(786,'Daisie','Monnoyer','1964-08-03','Female','English'),(787,'Konopelski','Mahomet','1980-05-27','Female','English'),(788,'Daisie','Monnoyer','1980-05-26','Female','English'),(789,'Mohr','Chattington','1978-12-08','Female','English'),(790,'Lucille','LLC','1972-07-29','Male','English'),(791,'Luce','Geffcock','1968-05-30','Male','English'),(792,'Ezekiel','Group','1971-07-01','Male','English'),(793,'Larissa','Darwent','1977-09-22','Male','English'),(794,'Mohr','Wadeling','1963-04-09','Male','English'),(795,'Jenkins','Stein','1963-10-21','Male','English'),(796,'Raynor','Poltone','1985-10-17','Male','English'),(797,'Cornela','Connelly','1970-10-01','Male','English'),(798,'Hakeem','LLC','1984-12-06','Male','English'),(799,'Twyla','Connelly','1964-07-17','Male','English'),(800,'Rogahn','LLC','1971-04-01','Male','English'),(801,'Raynor','Monnoyer','1976-01-13','Male','English'),(802,'Berta','Loxly','1961-05-19','Male','English'),(803,'Charin','Olyonov','1973-04-09','Male','English'),(804,'Jany','Petrovic','1982-08-01','Male','English'),(805,'Schroeder','LLC','1983-10-04','Male','English'),(806,'Shannon','Group','1975-03-15','Male','English'),(807,'Rosemonde','Group','1969-02-04','Male','English'),(808,'Charmaine','Bunnell','1963-07-01','Male','English'),(809,'Lemmy','Poltone','1975-06-11','Male','English'),(810,'Rosemonde','Dinsdale','1985-05-25','Male','English'),(811,'Charmaine','LLC','1969-01-12','Male','English'),(812,'Daniel','Group','1979-03-04','Male','English'),(813,'Kellsie','Tuttle','1963-01-21','Male','English'),(814,'Chick','Soame','1981-10-23','Male','English'),(815,'Letti','Gillam','1961-11-21','Female','English'),(816,'Daniel','Inc','1982-05-15','Female','English'),(817,'Cynthie','Iacapucci','1967-05-19','Female','English'),(818,'Cynthie','Ivic','1964-03-05','Female','English'),(819,'Zulauf','Bitcheno','1967-04-02','Female','English'),(820,'Gerty','Kubatsch','1974-04-04','Female','English'),(821,'Daniel','Ivic','1981-12-10','Female','English'),(822,'Carly','Bitcheno','1966-02-20','Female','English'),(823,'Champlin','Inc','1963-03-25','Female','English'),(824,'Velvet','Smeeton','1968-05-09','Female','English'),(825,'Marcy','McGrath','1982-05-24','Female','English'),(826,'Margalit','Baythrop','1967-08-15','Female','English'),(827,'Shannon','Inc','1975-04-30','Female','English'),(828,'Corrine','Slocum','1973-10-28','Female','English'),(829,'Knox','Slocum','1983-05-13','Female','English'),(830,'Georgianna','Group','1983-11-16','Female','English'),(831,'Zulauf','O\'Shavlan','1970-05-17','Female','English'),(832,'Andie','Inc','1984-06-23','Female','English'),(833,'Champlin','Lots','1969-04-09','Female','English'),(834,'Barrows','Restaurant','1962-01-13','Female','English'),(835,'Lorne','McCluney','1973-04-29','Female','English'),(836,'Chev','Roderick','1979-06-09','Female','English'),(837,'Idell','Calvie','1975-05-02','Female','English'),(838,'Charmaine','Iacapucci','1982-06-12','Female','English'),(839,'Jess','Hurtic','1974-09-13','Female','English'),(840,'Starlene','Bulford','1983-05-09','Female','English'),(841,'Waring','Chansonnau','1963-09-04','Female','English'),(842,'Kuvalis','Group','1963-03-07','Female','English'),(843,'Hauck','Antognazzi','1963-03-18','Female','English'),(844,'Silvester','Restaurant','1966-06-18','Female','English'),(845,'Roselin','Group','1965-01-23','Female','English'),(846,'Funk','McGarvey','1971-09-01','Female','English'),(847,'Hauck','Rubbens','1967-12-28','Female','English'),(848,'Ediva','Dyson','1965-03-08','Female','English'),(849,'Hauck','Bitcheno','1968-09-17','Female','English'),(850,'Selinda','Heindrick','1971-07-21','Female','English'),(851,'Lemmy','Klausen','1973-06-18','Female','English'),(852,'Jermayne','Pickering','1982-11-13','Female','English'),(853,'Carly','Group','1986-11-21','Female','English'),(854,'Rebbecca','Group','1984-08-28','Female','English'),(855,'Audi','Siseland','1961-12-31','Female','English'),(856,'Funk','Coupland','1967-02-02','Female','English'),(857,'Jess','Inc','1966-07-09','Female','English'),(858,'Waring','Group','1985-03-05','Female','English'),(859,'Chev','Kenford','1970-09-20','Female','English'),(860,'Sim','Group','1970-09-22','Female','English'),(861,'Melina','Bushnell','1971-04-01','Female','English'),(862,'Bryon','Kubatsch','1984-09-15','Female','English'),(863,'Lorne','Eayrs','1976-10-16','Female','English'),(864,'Sim','Lots','1985-09-11','Female','English'),(865,'Giovanni','Borland','1960-12-01','Female','English'),(866,'Jermayne','Lowndes','1970-12-09','Female','English'),(867,'Gail','Inc','1967-03-10','Female','English'),(868,'Des','Heindrick','1969-08-15','Female','English'),(869,'Worth','Pickering','1986-12-22','Female','English'),(870,'Hauck','Rubbens','1963-11-16','Female','English'),(871,'Tabby','Bowler','1977-02-07','Female','English'),(872,'Chev','Hawford','1987-05-03','Female','English'),(873,'Idell','Orbine','1977-01-21','Female','English'),(874,'Schroeder','McGarvey','1971-12-09','Female','English'),(875,'Freeland','Bowler','1978-06-29','Female','English'),(876,'Gerty','Gheorghie','1962-03-08','Male','English'),(877,'Alaric','Eayrs','1974-05-17','Male','English'),(878,'Arni','Baldack','1986-04-10','Male','English'),(879,'Kiri','Scrace','1969-05-18','Male','English'),(880,'Anne-marie','Fideler','1966-01-12','Male','English'),(881,'Georgianna','Group','1965-09-09','Male','English'),(882,'Chick','O\'Criane','1965-02-17','Male','English'),(883,'Munmro','Rubbens','1970-01-30','Male','English'),(884,'Knox','Dyson','1976-09-20','Male','English'),(885,'Kellsie','Inc','1971-11-16','Male','English'),(886,'Roselin','Sharple','1982-11-19','Male','English'),(887,'Silvester','O\'Shavlan','1968-11-15','Male','English'),(888,'Rosemonde','Eschalotte','1981-04-20','Male','English'),(889,'Barrows','Maylin','1982-07-12','Male','English'),(890,'Philippa','MacTeague','1976-10-09','Male','English'),(891,'Giovanni','Guion','1965-01-16','Male','English'),(892,'Funk','Chansonnau','1962-02-20','Male','English'),(893,'Gail','McGrath','1982-09-10','Male','English'),(894,'Funk','Betke','1970-02-01','Male','English'),(895,'Gerty','Bulford','1975-11-04','Male','English'),(896,'Starlene','Smeeton','1978-02-13','Male','English'),(897,'Barrows','Coupland','1979-10-31','Male','English'),(898,'Melina','Siseland','1979-08-04','Male','English'),(899,'Roselin','Ivic','1979-11-13','Male','English'),(900,'Bryon','Group','1964-07-18','Male','English'),(901,'Champlin','Goatman','1978-02-13','Male','English'),(902,'Chick','Gheorghie','1964-12-31','Male','English'),(903,'Schroeder','Inc','1987-02-20','Male','English'),(904,'Idell','Baldack','1983-06-04','Male','English'),(905,'Gail','Inc','1961-12-15','Male','English'),(906,'Selinda','O\'Shavlan','1983-03-15','Male','English'),(907,'Jerrilyn','Klausen','1979-09-04','Male','English'),(908,'Knox','Group','1975-08-25','Male','English'),(909,'Freeland','Hawford','1985-02-08','Male','English'),(910,'Kuvalis','Coupland','1986-05-23','Male','English'),(911,'Zulauf','Orbine','1973-06-26','Male','English'),(912,'Malanie','Restaurant','1966-05-29','Female','English'),(913,'Alta','McGrath','1973-02-09','Female','English'),(914,'Corrine','Inc','1983-02-11','Female','English'),(915,'Jerrilyn','Dyson','1978-01-18','Female','English'),(916,'Kaylil','Baldack','1966-11-17','Female','English'),(917,'Velvet','Bushnell','1965-11-13','Female','English'),(918,'Kiri','Allom','1960-09-05','Female','English'),(919,'Champlin','Bulford','1979-07-01','Female','English'),(920,'Kaylil','Sharple','1968-08-12','Male','English'),(921,'Kiri','Group','1960-01-30','Male','English'),(922,'Georgianna','Group','1971-10-22','Male','English'),(923,'Rebbecca','Rollingson','1986-09-29','Male','English'),(924,'Daniel','Shakesby','1980-11-28','Male','English'),(925,'Cynthie','Hurtic','1975-02-23','Male','English'),(926,'Ediva','Allom','1974-01-18','Male','English'),(927,'Des','Landsborough','1980-09-11','Male','English'),(928,'Giovanni','McCluney','1961-08-18','Male','English'),(929,'Ediva','MacTeague','1963-04-05','Male','English'),(930,'Worth','Restaurant','1977-04-16','Male','English'),(931,'Letti','Landsborough','1971-05-31','Male','English'),(932,'Kellsie','MacTeague','1966-06-28','Male','English'),(933,'Freeland','Chansonnau','1978-10-02','Male','English'),(934,'Margalit','Borland','1973-12-02','Male','English'),(935,'Kaylil','Inc','1969-07-30','Male','English'),(936,'Philippa','Slocum','1963-07-21','Male','English'),(937,'Marcy','Kenford','1971-11-25','Male','English'),(938,'Des','Scrace','1985-06-09','Male','English'),(939,'Carly','Gheorghie','1975-10-26','Male','English'),(940,'Christian','Kenford','1969-07-22','Male','English'),(941,'Wat','Fideler','1986-05-26','Male','English'),(942,'Wandie','Baythrop','1970-06-10','Male','English'),(943,'Diahann','Smeeton','1983-01-08','Male','English'),(944,'Panchito','Sharple','1963-06-05','Male','English'),(945,'Walsh','Calvie','1972-08-06','Male','English');
/*!40000 ALTER TABLE `patients` ENABLE KEYS */;
UNLOCK TABLES;

--
-- Table structure for table `providers`
--

DROP TABLE IF EXISTS `providers`;
/*!40101 SET @saved_cs_client     = @@character_set_client */;
/*!50503 SET character_set_client = utf8mb4 */;
CREATE TABLE `providers` (
  `provider_id` int NOT NULL AUTO_INCREMENT,
  `first_name` varchar(50) NOT NULL,
  `last_name` varchar(50) DEFAULT NULL,
  `provider_specialty` varchar(50) NOT NULL,
  `email_address` varchar(200) DEFAULT NULL,
  `phone_number` varchar(30) DEFAULT NULL,
  `date_joined` date NOT NULL,
  PRIMARY KEY (`provider_id`)
) ENGINE=InnoDB AUTO_INCREMENT=41 DEFAULT CHARSET=utf8mb4 COLLATE=utf8mb4_0900_ai_ci;
/*!40101 SET character_set_client = @saved_cs_client */;

--
-- Dumping data for table `providers`
--

LOCK TABLES `providers` WRITE;
/*!40000 ALTER TABLE `providers` DISABLE KEYS */;
INSERT INTO `providers` VALUES (1,'Sally','Sue','Pediatrics','sallysue@healthcare.org','5551211001','1993-01-01'),(2,'Mike','Myers','Pediatrics','mikemyers@healthcare.org','5551211002','1993-05-02'),(3,'Jordan','Michael','Pediatrics','jordanmichael@healthcare.org','5551211003','1993-06-24'),(4,'Ted','Texas','Pediatrics','tedtexas@healthcare.org','5551211004','1993-12-23'),(5,'Ala','Bama','Pediatrics','alabama@healthcare.org','5551211005','1995-01-10'),(6,'Harry','Kane','Pediatrics',NULL,'5551211006','1995-07-21'),(7,'Barry','Bar','Pediatrics','barrybar@healthcare.org','5551211007','1995-11-21'),(8,'Ted','Green','Pediatrics','tedgreen@healthcare.org','5551211008','1996-05-30'),(9,'Ted','Black','Pediatrics','tedblack@healthcare.org',NULL,'1997-02-20'),(10,'Fred','Man','Surgery','fredman@healthcare.org','5551211010','1998-03-17'),(11,'Kim','Kimberly','Surgery','kimkimberly@healthcare.org','5551211011','1998-05-10'),(12,'Sarah','Ab','Surgery','sarahab@healthcare.org','5551211012','1998-08-18'),(13,'Abigail','Marriot','Surgery',NULL,NULL,'1998-11-08'),(14,'Dave','Yu','Surgery','daveyu@healthcare.org','5551211014','1999-06-26'),(15,'Christian','Saint','Surgery','christiansaint@healthcare.org','5551211015','2000-08-27'),(16,'Perry','Pardon','Surgery','perrypardon@healthcare.org','5551211016','2001-02-13'),(17,'Kent','Kendall','Cardiology','kentkendall@healthcare.org','5551211017','2001-12-22'),(18,'Ryan','Kevin','Cardiology','ryankevin@healthcare.org','5551211018','2003-01-14'),(19,'Tyler','Conner','Cardiology',NULL,'5551211019','2003-07-09'),(20,'Bailey','Barret','Cardiology','baileybarret@healthcare.org','5551211020','2003-08-20'),(21,'Megan','Bonco','Cardiology','meganbonco@healthcare.org','5551211021','2004-02-17'),(22,'Joesph','Walter','Cardiology','joesphwalter@healthcare.org','5551211022','2005-02-04'),(23,'Walter','King','Cardiology','walterking@healthcare.org','5551211023','2006-03-12'),(24,'Luke','Long','Cardiology','lukelong@healthcare.org',NULL,'2006-04-28'),(25,'Justin','Time','PrimaryCare','justintime@healthcare.org',NULL,'2006-06-21'),(26,'Mike','Joseph','PrimaryCare','mikejoseph@healthcare.org','5551211026','2006-12-29'),(27,'Bridget','Brenda','PrimaryCare','bridgetbrenda@healthcare.org','5551211027','2007-06-30'),(28,'Brenda','Bing','PrimaryCare','brendabing@healthcare.org','5551211028','2007-11-18'),(29,'Chandler','Bing','PrimaryCare','chandlerbing@healthcare.org','5551211029','2007-12-07'),(30,'Joesph','Ross','PrimaryCare','joesphross@healthcare.org','5551211030','2008-11-08'),(31,'Dwight','Scott','PrimaryCare',NULL,'5551211031','2009-04-18'),(32,'Michael','Halpert','PrimaryCare','michaelhalpert@healthcare.org','5551211032','2009-09-02'),(33,'Pamela','Ding','PrimaryCare','pamelading@healthcare.org','5551211033','2009-11-12'),(34,'Tony','Creed','PrimaryCare','tonycreed@healthcare.org','5551211034','2010-04-28'),(35,'Phyllis','Stanley','PrimaryCare',NULL,NULL,'2011-05-05'),(36,'Holly','Hue','PrimaryCare','hollyhue@healthcare.org','5551211036','2012-06-24'),(37,'Trent','Tye','PrimaryCare','trenttye@healthcare.org','5551211037','2013-01-12'),(38,'Kimberly','Cone','PrimaryCare','kimberlycone@healthcare.org','5551211038','2013-05-23'),(39,'Harry','West','PrimaryCare','harrywest@healthcare.org','5551211039','2013-07-14'),(40,'Rosie','Renter','PrimaryCare','rosierenter@healthcare.org','5551211040','2013-09-11');
/*!40000 ALTER TABLE `providers` ENABLE KEYS */;
UNLOCK TABLES;

--
-- Table structure for table `visits`
--

DROP TABLE IF EXISTS `visits`;
/*!40101 SET @saved_cs_client     = @@character_set_client */;
/*!50503 SET character_set_client = utf8mb4 */;
CREATE TABLE `visits` (
  `visit_id` int NOT NULL AUTO_INCREMENT,
  `patient_id` int NOT NULL,
  `provider_id` int NOT NULL,
  `date_of_visit` date NOT NULL,
  `date_scheduled` date NOT NULL,
  `visit_department_id` int NOT NULL,
  `visit_type` varchar(50) NOT NULL,
  `blood_pressure_systolic` int DEFAULT NULL,
  `blood_pressure_diastolic` decimal(10,0) DEFAULT NULL,
  `pulse` decimal(10,0) DEFAULT NULL,
  `visit_status` varchar(50) NOT NULL,
  PRIMARY KEY (`visit_id`),
  KEY `patient_id_idx` (`patient_id`),
  KEY `provider_id_idx` (`provider_id`),
  CONSTRAINT `pati_id` FOREIGN KEY (`patient_id`) REFERENCES `patients` (`patient_id`) ON DELETE CASCADE ON UPDATE CASCADE,
  CONSTRAINT `provider_id` FOREIGN KEY (`provider_id`) REFERENCES `providers` (`provider_id`) ON DELETE CASCADE ON UPDATE CASCADE
) ENGINE=InnoDB AUTO_INCREMENT=951 DEFAULT CHARSET=utf8mb4 COLLATE=utf8mb4_0900_ai_ci;
/*!40101 SET character_set_client = @saved_cs_client */;

--
-- Dumping data for table `visits`
--

LOCK TABLES `visits` WRITE;
/*!40000 ALTER TABLE `visits` DISABLE KEYS */;
INSERT INTO `visits` VALUES (1,4,1,'2019-01-01','2018-12-17',1,'New',175,139,57,'Completed'),(2,5,2,'2019-01-02','2018-12-20',2,'New',158,116,59,'Completed'),(3,6,3,'2019-01-03','2018-12-18',3,'New',154,99,67,'Completed'),(4,7,4,'2019-01-04','2018-12-21',4,'New',137,86,97,'Completed'),(5,8,5,'2019-01-05','2018-12-18',5,'New',167,130,71,'Completed'),(6,9,33,'2019-01-06','2018-12-30',6,'New',128,95,55,'Completed'),(7,10,7,'2019-01-07','2018-12-13',7,'New',175,127,51,'Completed'),(8,11,8,'2019-01-08','2018-12-10',8,'New',157,108,71,'Completed'),(9,12,9,'2019-01-09','2018-12-16',9,'New',138,81,69,'Completed'),(11,14,11,'2019-01-11','2019-01-01',11,'New',149,95,55,'Completed'),(12,15,12,'2019-01-12','2019-01-08',12,'New',133,85,62,'Completed'),(13,16,13,'2019-01-13','2018-12-24',1,'New',157,102,57,'Completed'),(14,17,14,'2019-01-14','2019-01-05',2,'New',150,108,84,'Completed'),(15,18,36,'2019-01-15','2019-01-13',3,'New',144,87,57,'Completed'),(16,19,16,'2019-01-16','2018-12-17',4,'New',131,64,73,'Completed'),(17,20,17,'2019-01-17','2018-12-25',5,'New',152,85,88,'Completed'),(18,21,28,'2019-01-18','2019-01-04',6,'New',174,108,53,'Completed'),(19,22,19,'2019-01-19','2018-12-26',7,'New',129,70,92,'Completed'),(21,24,21,'2019-01-21','2019-01-05',9,'New',155,117,98,'Completed'),(22,25,31,'2019-01-22','2019-01-09',10,'New',153,119,57,'Completed'),(23,26,23,'2019-01-23','2019-01-14',11,'New',122,69,98,'Completed'),(24,27,24,'2019-01-24','2019-01-23',12,'New',175,127,71,'Completed'),(25,28,25,'2019-01-25','2019-01-02',1,'New',133,92,70,'Completed'),(26,29,26,'2019-01-26','2019-01-10',2,'New',148,81,81,'Completed'),(28,31,28,'2019-01-28','2019-01-27',4,'New',162,95,64,'Completed'),(29,32,29,'2019-01-29','2019-01-08',5,'New',129,83,87,'Completed'),(30,33,30,'2019-01-30','2019-01-11',6,'New',177,130,89,'Completed'),(31,34,31,'2019-01-31','2019-01-11',7,'New',136,104,72,'Completed'),(32,35,32,'2019-02-01','2019-01-14',8,'New',121,54,80,'Completed'),(34,37,34,'2019-02-03','2019-01-07',10,'Follow Up',170,109,80,'Completed'),(35,38,35,'2019-02-04','2019-02-02',11,'Follow Up',128,90,62,'Completed'),(37,40,37,'2019-02-06','2019-01-16',1,'Follow Up',170,119,59,'Completed'),(38,41,33,'2019-02-07','2019-01-24',2,'Follow Up',138,86,62,'Completed'),(39,42,1,'2019-02-08','2019-01-30',3,'Follow Up',153,99,93,'Completed'),(40,43,2,'2019-02-09','2019-02-06',4,'Follow Up',177,125,74,'Completed'),(41,44,33,'2019-02-10','2019-02-02',5,'Follow Up',157,87,72,'Completed'),(45,48,36,'2019-02-14','2019-01-30',9,'Telemedicine',152,121,85,'Completed'),(46,49,8,'2019-02-15','2019-01-21',10,'Telemedicine',189,139,88,'Completed'),(47,50,35,'2019-02-16','2019-01-21',11,'Telemedicine',135,73,57,'Completed'),(48,51,10,'2019-02-17','2019-02-16',12,'Telemedicine',181,118,76,'Completed'),(49,52,33,'2019-02-18','2019-01-24',1,'Telemedicine',170,121,90,'Completed'),(50,53,12,'2019-02-19','2019-01-29',2,'Telemedicine',157,120,66,'Completed'),(51,54,13,'2019-02-20','2019-02-19',3,'Telemedicine',127,93,95,'Completed'),(52,55,14,'2019-02-21','2019-02-10',4,'Telemedicine',167,108,92,'Completed'),(53,56,15,'2019-02-22','2019-02-09',5,'Telemedicine',154,86,85,'Completed'),(54,57,16,'2019-02-23','2019-01-24',6,'Telemedicine',171,140,89,'Completed'),(55,58,17,'2019-02-24','2019-02-15',7,'Telemedicine',151,117,54,'Completed'),(56,59,18,'2019-02-25','2019-02-11',8,'Telemedicine',165,122,76,'Completed'),(58,61,20,'2019-02-27','2019-01-31',10,'Telemedicine',135,78,71,'Completed'),(59,62,21,'2019-02-28','2019-01-29',11,'Telemedicine',185,145,78,'Completed'),(60,63,22,'2019-03-01','2019-02-07',12,'Telemedicine',156,118,60,'Completed'),(61,64,23,'2019-03-02','2019-02-10',1,'Telemedicine',169,117,87,'Completed'),(62,65,24,'2019-03-03','2019-02-15',2,'Telemedicine',181,125,57,'Completed'),(63,66,25,'2019-03-04','2019-02-28',3,'Telemedicine',182,146,51,'Completed'),(64,67,26,'2019-03-05','2019-03-01',4,'Telemedicine',127,97,89,'Completed'),(65,68,27,'2019-03-06','2019-02-26',5,'Telemedicine',183,139,94,'Completed'),(66,69,28,'2019-03-07','2019-02-22',6,'Telemedicine',123,69,56,'Completed'),(67,70,38,'2019-03-08','2019-02-17',7,'Telemedicine',189,157,65,'Completed'),(68,71,30,'2019-03-09','2019-02-21',8,'Physical',131,96,54,'Completed'),(69,72,27,'2019-03-10','2019-02-17',9,'Physical',179,123,69,'Completed'),(70,73,32,'2019-03-11','2019-03-03',10,'Physical',168,101,76,'Completed'),(71,74,33,'2019-03-12','2019-02-11',11,'Physical',181,149,58,'Completed'),(72,75,34,'2019-03-13','2019-02-13',12,'Physical',175,141,98,'Completed'),(73,76,35,'2019-03-14','2019-02-24',1,'Physical',183,117,52,'Completed'),(74,77,36,'2019-03-15','2019-02-14',2,'Physical',175,115,81,'Completed'),(75,78,37,'2019-03-16','2019-03-12',3,'Physical',125,67,82,'Completed'),(77,80,20,'2019-03-18','2019-02-22',5,'Physical',146,84,72,'Completed'),(78,81,21,'2019-03-19','2019-03-18',6,'Physical',169,123,99,'Completed'),(79,82,22,'2019-03-20','2019-02-28',7,'Physical',124,59,53,'Completed'),(80,83,23,'2019-03-21','2019-03-16',8,'Physical',137,93,70,'Completed'),(82,85,25,'2019-03-23','2019-03-17',10,'Physical',186,123,61,'Completed'),(83,86,28,'2019-03-24','2019-03-21',11,'Physical',162,118,95,'Completed'),(88,91,31,'2019-03-29','2019-03-18',4,'Follow Up',189,146,67,'Completed'),(89,92,32,'2019-03-30','2019-03-15',5,'Follow Up',186,122,74,'Completed'),(90,93,33,'2019-03-31','2019-03-15',6,'Follow Up',187,133,74,'Completed'),(91,94,34,'2019-04-01','2019-03-04',7,'Follow Up',128,90,55,'Completed'),(93,96,36,'2019-04-03','2019-03-09',9,'Follow Up',178,124,92,'Completed'),(94,97,37,'2019-04-04','2019-03-31',10,'Follow Up',186,121,56,'Completed'),(95,98,28,'2019-04-05','2019-03-26',11,'Follow Up',122,87,83,'Completed'),(97,100,21,'2019-04-07','2019-04-05',1,'Follow Up',187,130,83,'Completed'),(98,101,22,'2019-04-08','2019-03-13',2,'Follow Up',182,131,91,'Completed'),(99,500,23,'2019-04-09','2019-03-17',3,'Follow Up',153,105,54,'Completed'),(101,506,25,'2019-04-11','2019-03-12',5,'New',134,74,73,'Completed'),(102,509,26,'2019-04-12','2019-03-18',6,'New',139,80,55,'Completed'),(103,512,27,'2019-04-13','2019-04-11',7,'New',186,155,62,'Completed'),(104,515,28,'2019-04-14','2019-04-04',8,'New',185,119,50,'Completed'),(105,518,29,'2019-04-15','2019-03-20',9,'New',180,116,98,'Completed'),(106,521,30,'2019-04-16','2019-03-26',10,'New',135,80,56,'Completed'),(107,524,31,'2019-04-17','2019-04-07',11,'New',172,132,59,'Completed'),(108,527,25,'2019-04-18','2019-04-15',12,'New',188,157,65,'Completed'),(109,530,33,'2019-04-19','2019-03-31',1,'New',153,85,72,'Completed'),(110,533,34,'2019-04-20','2019-04-07',2,'New',184,140,86,'Completed'),(111,536,35,'2019-04-21','2019-03-24',3,'New',155,124,67,'Completed'),(113,542,37,'2019-04-23','2019-04-01',5,'New',162,102,60,'Completed'),(114,545,38,'2019-04-24','2019-03-29',6,'New',130,73,66,'Completed'),(115,548,32,'2019-04-25','2019-04-03',7,'New',166,101,71,'Completed'),(116,551,28,'2019-04-26','2019-04-05',8,'New',124,91,83,'Completed'),(117,554,32,'2019-04-27','2019-04-25',9,'New',163,102,73,'Completed'),(118,557,35,'2019-04-28','2019-04-07',10,'New',184,121,66,'Completed'),(119,560,27,'2019-04-29','2019-04-23',11,'New',167,132,98,'Completed'),(120,563,37,'2019-04-30','2019-04-14',12,'New',138,72,71,'Completed'),(121,566,38,'2019-05-01','2019-04-10',1,'New',171,103,85,'Completed'),(122,569,1,'2019-05-02','2019-04-27',2,'New',180,139,94,'Completed'),(124,575,3,'2019-05-04','2019-04-29',4,'New',162,94,83,'Completed'),(125,578,4,'2019-01-01','2018-12-15',5,'New',131,99,93,'Completed'),(126,581,5,'2019-01-02','2018-12-06',6,'New',150,104,60,'Completed'),(127,584,6,'2019-01-03','2018-12-15',7,'New',187,124,84,'Completed'),(128,587,7,'2019-01-04','2018-12-14',8,'New',170,129,98,'Completed'),(129,590,8,'2019-01-05','2018-12-21',9,'New',182,127,64,'Completed'),(130,593,9,'2019-01-06','2018-12-31',10,'New',129,97,75,'Completed'),(132,599,26,'2019-01-08','2018-12-09',12,'Telemedicine',130,80,52,'Completed'),(138,617,17,'2019-01-14','2018-12-23',6,'Physical',124,81,85,'Completed'),(139,620,31,'2019-01-15','2018-12-29',7,'Physical',131,71,62,'Completed'),(140,623,19,'2019-01-16','2018-12-29',8,'Physical',158,126,70,'Completed'),(141,626,20,'2019-01-17','2018-12-20',9,'Physical',169,115,64,'Completed'),(142,629,21,'2019-01-18','2019-01-10',10,'Physical',167,120,73,'Completed'),(143,632,22,'2019-01-19','2019-01-07',11,'Physical',183,151,65,'Completed'),(144,635,23,'2019-01-20','2019-01-16',12,'Physical',144,99,63,'Completed'),(146,641,32,'2019-01-22','2019-01-10',2,'Physical',146,115,54,'Completed'),(147,644,33,'2019-01-23','2019-01-09',3,'Physical',127,58,83,'Completed'),(148,647,34,'2019-01-24','2019-01-13',4,'Physical',160,122,72,'Completed'),(149,650,27,'2019-01-25','2019-01-18',5,'Physical',177,141,94,'Completed'),(150,653,36,'2019-01-26','2019-01-05',6,'Physical',180,147,82,'Completed'),(151,656,37,'2019-01-27','2019-01-01',7,'Physical',130,74,93,'Completed'),(152,659,38,'2019-01-28','2019-01-07',8,'Follow Up',176,128,50,'Completed'),(153,662,1,'2019-01-29','2019-01-11',9,'Follow Up',180,139,84,'Completed'),(154,665,2,'2019-01-30','2019-01-02',10,'Follow Up',174,136,67,'Completed'),(155,668,3,'2019-01-31','2019-01-07',11,'Follow Up',160,96,74,'Completed'),(156,90,4,'2019-02-01','2019-01-31',12,'Follow Up',179,133,76,'Completed'),(158,90,6,'2019-02-03','2019-01-15',2,'Follow Up',170,132,53,'Completed'),(159,90,7,'2019-02-04','2019-01-09',3,'Follow Up',167,119,85,'Completed'),(160,90,8,'2019-02-05','2019-01-25',4,'Follow Up',177,119,89,'Completed'),(161,90,9,'2019-02-06','2019-02-02',5,'Follow Up',149,118,65,'Completed'),(162,800,10,'2019-02-07','2019-01-26',6,'Follow Up',157,118,69,'Completed'),(163,801,11,'2019-02-08','2019-02-07',7,'Follow Up',120,52,53,'Completed'),(165,803,13,'2019-02-10','2019-02-07',9,'Follow Up',128,83,96,'Completed'),(168,806,34,'2019-02-13','2019-02-01',12,'Follow Up',181,140,61,'Completed'),(169,807,17,'2019-02-14','2019-01-23',1,'Follow Up',173,136,73,'Completed'),(170,808,18,'2019-02-15','2019-01-24',2,'Follow Up',135,77,61,'Completed'),(171,809,19,'2019-02-16','2019-01-31',3,'Follow Up',188,142,99,'Completed'),(172,810,20,'2019-02-17','2019-01-30',4,'Follow Up',126,67,68,'Completed'),(173,811,26,'2019-02-18','2019-02-17',5,'Follow Up',126,63,96,'Completed'),(174,812,22,'2019-02-19','2019-01-31',6,'Follow Up',182,116,100,'Completed'),(175,813,23,'2019-02-20','2019-01-29',7,'Follow Up',158,116,83,'Completed'),(176,814,24,'2019-02-21','2019-02-03',8,'Follow Up',154,112,72,'Canceled'),(177,815,32,'2019-02-22','2019-02-04',9,'Follow Up',122,68,53,'Canceled'),(178,816,33,'2019-02-23','2019-02-19',10,'Follow Up',174,137,75,'Canceled'),(179,817,34,'2019-02-24','2019-02-21',11,'Telemedicine',176,116,79,'Canceled'),(180,818,34,'2019-02-25','2019-01-26',12,'Telemedicine',130,97,76,'Canceled'),(181,819,36,'2019-02-26','2019-02-13',1,'Telemedicine',150,83,60,'Canceled'),(182,820,30,'2019-02-27','2019-02-10',2,'Telemedicine',178,137,100,'Canceled'),(183,821,38,'2019-02-28','2019-02-27',3,'Telemedicine',121,74,95,'Canceled'),(184,822,1,'2019-03-01','2019-02-04',4,'Telemedicine',174,119,98,'Canceled'),(185,823,2,'2019-03-02','2019-02-26',5,'Telemedicine',177,111,92,'Canceled'),(186,824,38,'2019-03-03','2019-02-04',6,'Telemedicine',157,114,90,'Canceled'),(187,825,36,'2019-03-04','2019-02-12',7,'Telemedicine',134,65,80,'Canceled'),(188,826,5,'2019-03-05','2019-02-05',8,'Telemedicine',143,102,74,'No Show'),(189,827,6,'2019-03-06','2019-03-05',9,'Telemedicine',148,89,77,'No Show'),(190,828,7,'2019-03-07','2019-03-05',10,'Telemedicine',153,99,93,'No Show'),(191,829,8,'2019-03-08','2019-03-06',11,'Telemedicine',156,123,82,'No Show'),(192,830,9,'2019-03-09','2019-02-19',12,'Telemedicine',152,100,80,'No Show'),(193,831,10,'2019-03-10','2019-02-23',1,'Telemedicine',138,83,87,'No Show'),(194,832,11,'2019-03-11','2019-03-03',2,'Telemedicine',177,146,59,'No Show'),(195,833,12,'2019-03-12','2019-02-19',3,'Telemedicine',122,84,69,'No Show'),(196,834,13,'2019-03-13','2019-02-11',4,'Telemedicine',183,138,95,'No Show'),(197,835,35,'2019-03-14','2019-02-22',5,'Telemedicine',125,94,84,'No Show'),(198,836,33,'2019-03-15','2019-02-17',6,'Telemedicine',126,81,65,'No Show'),(199,837,16,'2019-03-16','2019-02-27',7,'Telemedicine',145,114,87,'No Show'),(200,838,17,'2019-03-17','2019-03-07',8,'Telemedicine',186,151,70,'No Show'),(201,839,18,'2019-03-18','2019-03-06',9,'Telemedicine',148,97,96,'No Show'),(202,840,29,'2019-03-19','2019-03-13',10,'Physical',188,144,83,'No Show'),(203,841,20,'2019-03-20','2019-03-16',11,'Physical',164,95,65,'No Show'),(204,842,21,'2019-03-21','2019-03-18',12,'Physical',136,99,82,'No Show'),(205,843,22,'2019-03-22','2019-03-10',1,'Physical',145,77,54,'No Show'),(206,844,23,'2019-03-23','2019-03-01',2,'Physical',177,139,52,'No Show'),(207,845,24,'2019-03-24','2019-03-23',3,'Physical',173,106,97,'No Show'),(208,846,32,'2019-03-25','2019-03-02',4,'Physical',149,82,98,'No Show'),(209,847,33,'2019-03-26','2019-03-03',5,'Physical',134,102,91,'No Show'),(210,848,34,'2019-03-27','2019-03-10',6,'Physical',145,104,88,'No Show'),(211,849,35,'2019-03-28','2019-03-21',7,'Physical',143,75,51,'No Show'),(212,850,36,'2019-03-29','2019-03-18',8,'Physical',149,105,83,'No Show'),(213,851,37,'2019-03-30','2019-03-02',9,'Physical',147,103,58,'No Show'),(214,852,38,'2019-03-31','2019-03-14',10,'Physical',123,54,94,'No Show'),(215,853,1,'2019-04-01','2019-03-04',11,'Physical',129,80,64,'No Show'),(216,854,2,'2019-04-02','2019-03-27',12,'Physical',157,110,89,'No Show'),(219,857,5,'2019-04-05','2019-04-02',3,'Follow Up',178,129,84,'Completed'),(220,858,6,'2019-04-06','2019-03-31',4,'Follow Up',167,133,84,'Completed'),(221,859,7,'2019-04-07','2019-03-22',5,'Follow Up',146,88,85,'Completed'),(222,860,8,'2019-04-08','2019-03-18',6,'Follow Up',147,113,70,'Completed'),(223,861,9,'2019-04-09','2019-03-22',7,'Follow Up',175,125,93,'Completed'),(224,862,10,'2019-04-10','2019-04-06',8,'Follow Up',145,106,98,'Completed'),(225,863,11,'2019-04-11','2019-03-12',9,'Follow Up',170,114,91,'Completed'),(227,865,13,'2019-04-13','2019-04-01',11,'Follow Up',152,94,90,'Completed'),(228,866,14,'2019-04-14','2019-03-16',12,'Follow Up',148,118,53,'Completed'),(229,867,15,'2019-04-15','2019-03-19',1,'Follow Up',187,134,86,'Completed'),(230,868,16,'2019-04-16','2019-04-01',2,'Follow Up',181,113,52,'Completed'),(232,870,29,'2019-04-18','2019-03-29',4,'Follow Up',125,86,98,'Completed'),(233,871,19,'2019-04-19','2019-03-24',5,'Follow Up',122,85,66,'Completed'),(234,872,20,'2019-04-20','2019-03-29',6,'Follow Up',160,100,82,'Completed'),(236,874,22,'2019-04-22','2019-04-17',8,'Follow Up',182,137,69,'Completed'),(237,875,23,'2019-04-23','2019-04-03',9,'Follow Up',144,112,67,'Completed'),(238,876,24,'2019-04-24','2019-04-14',10,'Follow Up',146,104,84,'Completed'),(239,877,32,'2019-04-25','2019-04-18',11,'Follow Up',148,107,51,'Completed'),(240,878,33,'2019-04-26','2019-03-28',12,'Follow Up',128,93,78,'Completed'),(241,879,34,'2019-04-27','2019-04-15',1,'Follow Up',151,119,88,'Completed'),(242,880,35,'2019-04-28','2019-04-09',2,'Follow Up',138,75,66,'Completed'),(243,881,36,'2019-04-29','2019-04-09',3,'Follow Up',177,144,67,'Completed'),(244,882,37,'2019-04-30','2019-04-03',4,'Follow Up',172,139,67,'Completed'),(245,883,38,'2019-05-01','2019-04-29',5,'Follow Up',129,94,81,'Completed'),(246,884,1,'2019-05-02','2019-04-25',6,'Telemedicine',137,76,68,'Completed'),(247,885,26,'2019-05-03','2019-04-15',7,'Telemedicine',144,90,63,'Completed'),(248,886,3,'2019-05-04','2019-04-15',8,'Telemedicine',135,100,65,'Completed'),(249,887,4,'2019-01-30','2019-01-19',9,'Telemedicine',180,144,85,'Completed'),(251,889,6,'2019-02-01','2019-01-30',11,'Telemedicine',179,124,72,'Completed'),(252,890,7,'2019-02-02','2019-01-21',12,'Telemedicine',165,125,55,'Completed'),(254,892,9,'2019-02-04','2019-01-15',2,'Telemedicine',177,113,91,'Completed'),(255,893,10,'2019-02-05','2019-01-25',3,'Telemedicine',165,98,59,'Completed'),(256,894,11,'2019-02-06','2019-01-15',4,'Telemedicine',148,85,60,'Completed'),(257,895,39,'2019-02-07','2019-01-11',5,'Telemedicine',150,103,64,'Completed'),(258,896,13,'2019-02-08','2019-01-19',6,'Telemedicine',179,121,76,'Completed'),(259,897,14,'2019-02-09','2019-01-22',7,'Telemedicine',142,105,78,'Completed'),(263,901,18,'2019-02-13','2019-01-16',11,'Telemedicine',157,106,56,'Completed'),(264,902,19,'2019-02-14','2019-01-31',12,'Telemedicine',152,104,95,'Completed'),(265,903,20,'2019-02-15','2019-01-30',1,'Telemedicine',140,71,73,'Completed'),(266,904,32,'2019-02-16','2019-01-22',2,'Telemedicine',135,78,73,'Completed'),(267,905,22,'2019-02-17','2019-02-16',3,'Telemedicine',163,113,80,'Completed'),(268,906,23,'2019-02-18','2019-01-22',4,'Telemedicine',138,80,59,'Completed'),(269,907,24,'2019-02-19','2019-02-08',5,'Physical',141,110,81,'Completed'),(270,908,32,'2019-02-20','2019-02-12',6,'Physical',137,99,55,'Completed'),(271,909,25,'2019-02-21','2019-01-26',7,'Physical',177,128,75,'Completed'),(272,910,34,'2019-02-22','2019-02-19',8,'Physical',156,119,75,'Completed'),(273,911,35,'2019-02-23','2019-02-10',9,'Physical',184,132,79,'Completed'),(276,914,38,'2019-02-26','2019-02-15',12,'Physical',127,84,66,'Completed'),(277,915,1,'2019-02-27','2019-02-25',1,'Physical',171,110,98,'Completed'),(278,916,2,'2019-02-28','2019-02-24',2,'Physical',180,122,76,'Completed'),(279,917,3,'2019-03-01','2019-02-27',3,'Physical',161,115,67,'Completed'),(280,29,4,'2019-03-02','2019-02-28',4,'Physical',150,104,98,'Completed'),(281,30,5,'2019-03-03','2019-02-07',5,'Physical',132,88,83,'Completed'),(282,31,6,'2019-03-04','2019-02-10',6,'Physical',187,143,85,'Completed'),(283,32,7,'2019-03-05','2019-03-04',7,'Physical',151,105,74,'Completed'),(284,33,40,'2019-03-06','2019-02-22',8,'Physical',158,127,77,'Completed'),(286,35,10,'2019-03-08','2019-02-13',10,'Follow Up',145,114,85,'Completed'),(287,36,11,'2019-03-09','2019-02-08',11,'Follow Up',187,137,62,'Completed'),(288,37,12,'2019-03-10','2019-02-12',12,'Follow Up',161,123,97,'Completed'),(289,38,13,'2019-03-11','2019-02-23',5,'Follow Up',178,114,50,'Completed'),(290,39,14,'2019-03-12','2019-03-08',6,'Follow Up',124,78,65,'Completed'),(291,40,39,'2019-03-13','2019-03-05',7,'Follow Up',181,144,99,'Completed'),(293,42,17,'2019-03-15','2019-03-10',9,'Follow Up',170,137,88,'Completed'),(294,43,18,'2019-03-16','2019-03-07',10,'Follow Up',171,118,55,'Completed'),(295,44,19,'2019-03-17','2019-03-14',11,'Follow Up',174,119,89,'Completed'),(296,45,20,'2019-03-18','2019-03-10',12,'Follow Up',189,126,99,'Completed'),(297,46,21,'2019-03-19','2019-03-03',5,'Follow Up',134,87,80,'Completed'),(298,47,22,'2019-03-20','2019-03-18',6,'Follow Up',175,141,79,'Completed'),(299,48,23,'2019-03-21','2019-03-05',7,'Follow Up',127,69,78,'Completed'),(300,49,24,'2019-03-22','2019-02-26',8,'Follow Up',135,101,87,'Completed'),(301,50,26,'2019-03-23','2019-03-15',9,'Follow Up',122,90,74,'Completed'),(302,51,33,'2019-03-24','2019-03-13',10,'Follow Up',137,98,66,'Completed'),(303,52,34,'2019-03-25','2019-03-20',11,'Follow Up',144,91,99,'Completed'),(304,53,35,'2019-03-26','2019-03-11',12,'Follow Up',154,109,77,'Completed'),(305,54,36,'2019-03-27','2019-03-06',10,'Follow Up',188,118,70,'Completed'),(306,55,37,'2019-03-28','2019-03-21',11,'Follow Up',150,82,59,'Completed'),(308,57,28,'2019-03-30','2019-03-16',5,'Follow Up',152,114,68,'Completed'),(309,58,2,'2019-03-31','2019-03-25',6,'Follow Up',166,101,98,'Completed'),(310,59,3,'2019-04-01','2019-03-17',7,'Follow Up',167,117,52,'Completed'),(311,60,32,'2019-04-02','2019-03-21',8,'Follow Up',173,141,56,'Completed'),(312,61,5,'2019-04-03','2019-04-01',9,'Follow Up',145,97,57,'Completed'),(313,62,6,'2019-04-04','2019-03-30',10,'Telemedicine',164,130,93,'Completed'),(314,63,7,'2019-04-05','2019-03-24',11,'Telemedicine',190,122,95,'Completed'),(315,64,8,'2019-04-06','2019-03-18',12,'Telemedicine',185,120,95,'Completed'),(316,65,9,'2019-04-07','2019-03-24',5,'Telemedicine',136,74,78,'Completed'),(317,66,10,'2019-04-08','2019-03-26',6,'Telemedicine',134,87,60,'Completed'),(318,67,11,'2019-04-09','2019-03-24',7,'Telemedicine',164,112,57,'Completed'),(319,68,12,'2019-04-10','2019-03-12',8,'Telemedicine',124,80,76,'Completed'),(320,69,13,'2019-04-11','2019-03-13',9,'Telemedicine',174,136,98,'Completed'),(321,70,14,'2019-04-12','2019-04-04',10,'Telemedicine',184,146,74,'Completed'),(322,71,15,'2019-04-13','2019-03-22',11,'Telemedicine',123,66,86,'Completed'),(323,72,16,'2019-04-14','2019-03-20',10,'Telemedicine',138,99,82,'Completed'),(324,73,17,'2019-04-15','2019-03-20',11,'Telemedicine',169,120,61,'Completed'),(325,74,32,'2019-04-16','2019-03-21',12,'Telemedicine',187,145,71,'Completed'),(326,75,19,'2019-04-17','2019-04-11',5,'Telemedicine',144,78,57,'Completed'),(327,76,20,'2019-04-18','2019-03-19',6,'Telemedicine',141,78,54,'Completed'),(329,78,22,'2019-04-20','2019-03-26',8,'Telemedicine',171,102,87,'Completed'),(330,79,23,'2019-04-21','2019-04-11',9,'Telemedicine',122,70,100,'Completed'),(331,80,24,'2019-04-22','2019-04-05',10,'Telemedicine',175,115,77,'Completed'),(332,81,32,'2019-04-28','2019-03-30',11,'Telemedicine',169,114,53,'Completed'),(333,82,33,'2019-04-29','2019-04-02',12,'Telemedicine',123,83,79,'Completed'),(334,83,34,'2019-04-30','2019-04-18',5,'Telemedicine',130,79,56,'Completed'),(335,84,35,'2019-05-01','2019-04-03',6,'Telemedicine',174,119,57,'Completed'),(337,86,37,'2019-05-03','2019-04-03',8,'Physical',133,83,71,'Completed'),(338,87,38,'2019-05-04','2019-04-27',11,'Physical',157,92,85,'Completed'),(339,88,1,'2019-01-30','2019-01-19',10,'Physical',174,128,71,'Completed'),(340,89,2,'2019-01-31','2019-01-10',11,'Physical',127,62,60,'Completed'),(341,90,3,'2019-02-01','2019-01-06',12,'Physical',179,131,84,'Completed'),(343,92,30,'2019-02-03','2019-01-10',6,'Physical',180,120,94,'Completed'),(344,93,6,'2019-02-04','2019-01-27',7,'Physical',169,119,61,'Completed'),(345,94,7,'2019-02-05','2019-02-01',8,'Physical',148,103,73,'Completed'),(346,95,8,'2019-02-06','2019-02-05',9,'Physical',155,86,97,'Completed'),(347,96,9,'2019-02-07','2019-01-15',10,'Physical',150,88,74,'Completed'),(348,97,10,'2019-02-08','2019-01-19',11,'Physical',133,81,81,'Completed'),(349,98,37,'2019-02-09','2019-01-13',12,'Physical',173,140,67,'Completed'),(350,99,12,'2019-02-10','2019-01-23',5,'Physical',167,125,71,'Completed'),(351,100,13,'2019-02-11','2019-02-02',6,'Physical',140,101,68,'Completed'),(352,101,14,'2019-02-12','2019-01-17',7,'Physical',124,69,73,'Completed'),(354,503,16,'2019-02-14','2019-01-23',10,'Follow Up',152,121,52,'Completed'),(355,506,17,'2019-02-15','2019-01-18',11,'Follow Up',155,124,62,'Completed'),(356,509,18,'2019-02-16','2019-01-22',12,'Follow Up',170,122,63,'Completed'),(357,512,19,'2019-02-17','2019-01-31',5,'Follow Up',144,112,92,'Completed'),(358,515,20,'2019-02-18','2019-02-01',6,'Follow Up',140,77,54,'Completed'),(359,518,21,'2019-02-19','2019-02-12',7,'Follow Up',172,107,97,'Completed'),(360,521,22,'2019-02-20','2019-02-02',8,'Follow Up',161,108,85,'Completed'),(362,527,29,'2019-02-22','2019-02-05',11,'Follow Up',148,93,61,'Completed'),(364,533,33,'2019-02-24','2019-02-18',5,'Follow Up',150,109,50,'Completed'),(365,536,34,'2019-02-25','2019-02-02',6,'Follow Up',151,86,79,'Completed'),(366,539,31,'2019-02-26','2019-02-16',7,'Follow Up',125,74,54,'Completed'),(367,542,36,'2019-02-27','2019-02-22',8,'Follow Up',161,124,85,'Completed'),(369,548,25,'2019-03-01','2019-02-10',8,'Follow Up',165,124,72,'Completed'),(370,551,1,'2019-03-02','2019-02-14',9,'Follow Up',184,145,95,'Completed'),(371,554,2,'2019-02-20','2019-02-10',10,'Follow Up',167,113,88,'Completed'),(372,557,3,'2019-02-21','2019-02-13',11,'Follow Up',125,57,73,'Completed'),(373,560,4,'2019-02-22','2019-01-25',12,'Follow Up',181,147,59,'Completed'),(377,572,8,'2019-02-26','2019-02-23',4,'Follow Up',147,86,92,'Completed'),(378,575,9,'2019-02-27','2019-02-17',5,'Follow Up',176,110,56,'Completed'),(379,578,10,'2019-02-28','2019-02-16',6,'Follow Up',151,87,69,'Completed'),(380,581,11,'2019-03-01','2019-02-11',7,'Telemedicine',179,113,85,'Completed'),(381,584,12,'2019-03-02','2019-02-17',8,'Telemedicine',138,84,85,'Completed'),(382,587,13,'2019-01-24','2019-01-11',9,'Telemedicine',174,119,75,'Completed'),(383,590,14,'2019-01-25','2019-01-12',10,'Telemedicine',164,128,73,'Completed'),(385,596,16,'2019-01-27','2018-12-30',12,'Telemedicine',175,111,52,'Completed'),(386,599,17,'2019-01-28','2018-12-31',1,'Telemedicine',171,114,78,'Completed'),(387,602,18,'2019-01-29','2019-01-19',2,'Telemedicine',169,119,53,'Completed'),(388,605,19,'2019-01-30','2019-01-09',3,'Telemedicine',179,145,68,'Completed'),(390,611,40,'2019-02-01','2019-01-22',5,'Telemedicine',123,90,68,'Completed'),(391,614,3,'2019-02-02','2019-01-15',6,'Telemedicine',155,100,69,'Completed'),(392,617,4,'2019-02-03','2019-02-01',7,'Telemedicine',185,127,85,'Canceled'),(393,620,5,'2019-02-04','2019-01-06',8,'Physical',139,101,84,'Canceled'),(394,623,6,'2019-02-05','2019-01-10',9,'Physical',130,75,81,'Canceled'),(395,626,7,'2019-02-06','2019-02-04',10,'Physical',150,114,82,'Canceled'),(396,629,8,'2019-02-07','2019-01-31',11,'Physical',161,97,71,'Canceled'),(397,632,9,'2019-02-08','2019-01-29',12,'Physical',176,121,94,'Canceled'),(398,635,10,'2019-02-09','2019-02-08',1,'Physical',177,125,53,'Canceled'),(399,638,11,'2019-02-10','2019-02-02',2,'Physical',121,65,68,'Canceled'),(400,641,12,'2019-02-11','2019-02-01',3,'Physical',132,86,60,'Canceled'),(401,644,36,'2019-02-12','2019-01-21',4,'Physical',182,124,55,'Canceled'),(402,647,29,'2019-02-13','2019-01-18',5,'Physical',156,121,70,'Canceled'),(403,650,15,'2019-02-14','2019-02-11',6,'Physical',129,69,63,'Canceled'),(404,653,16,'2019-02-15','2019-02-03',7,'Physical',153,113,92,'No Show'),(405,656,17,'2019-02-16','2019-02-04',8,'Physical',153,107,77,'No Show'),(406,659,18,'2019-02-17','2019-01-22',9,'Physical',139,74,76,'No Show'),(407,662,19,'2019-02-18','2019-02-05',10,'Physical',170,137,57,'No Show'),(408,665,20,'2019-02-19','2019-01-29',11,'Physical',151,111,72,'No Show'),(409,668,21,'2019-02-20','2019-02-01',12,'Physical',172,106,78,'No Show'),(410,90,22,'2019-02-21','2019-01-31',1,'Follow Up',131,81,55,'No Show'),(411,90,23,'2019-02-22','2019-01-24',2,'Follow Up',120,86,61,'No Show'),(412,90,1,'2019-02-23','2019-01-27',3,'Follow Up',128,93,63,'No Show'),(413,90,2,'2019-02-24','2019-01-28',4,'Follow Up',188,127,59,'No Show'),(414,90,3,'2019-02-25','2019-02-17',5,'Follow Up',136,91,79,'No Show'),(415,90,4,'2019-02-26','2019-02-22',6,'Follow Up',141,103,55,'No Show'),(416,800,5,'2019-02-27','2019-02-25',7,'Follow Up',170,106,86,'No Show'),(417,801,6,'2019-02-28','2019-02-20',8,'Follow Up',139,98,54,'No Show'),(418,802,7,'2019-03-01','2019-02-11',9,'Follow Up',177,117,63,'No Show'),(419,803,8,'2019-03-02','2019-02-09',10,'Follow Up',167,117,79,'No Show'),(420,804,9,'2019-03-03','2019-02-22',11,'Follow Up',148,80,60,'No Show'),(421,805,10,'2019-03-04','2019-02-09',12,'Follow Up',123,78,91,'No Show'),(422,806,11,'2019-03-05','2019-03-04',1,'Follow Up',163,114,59,'No Show'),(423,807,12,'2019-03-06','2019-02-21',2,'Follow Up',154,109,63,'No Show'),(424,808,13,'2019-03-07','2019-02-05',3,'Follow Up',136,81,68,'No Show'),(425,809,1,'2019-03-08','2019-02-18',4,'Follow Up',177,135,96,'No Show'),(426,810,2,'2019-03-09','2019-03-01',5,'Follow Up',175,142,86,'No Show'),(427,811,3,'2019-03-10','2019-02-21',6,'Follow Up',164,101,93,'No Show'),(428,812,4,'2019-03-11','2019-02-16',7,'Follow Up',177,117,81,'No Show'),(429,813,5,'2019-03-12','2019-03-01',8,'Follow Up',140,90,57,'No Show'),(430,814,6,'2019-03-13','2019-02-17',9,'Follow Up',187,122,58,'No Show'),(431,815,7,'2019-03-14','2019-03-10',10,'Follow Up',133,81,96,'No Show'),(432,816,8,'2019-03-15','2019-02-25',11,'Follow Up',136,85,54,'No Show'),(433,817,9,'2019-03-16','2019-03-02',12,'Follow Up',139,86,63,'No Show'),(434,818,10,'2019-03-17','2019-02-22',1,'Follow Up',155,114,100,'No Show'),(435,819,11,'2019-03-18','2019-03-08',2,'Follow Up',152,101,65,'No Show'),(436,820,25,'2019-03-19','2019-02-24',3,'Follow Up',179,119,90,'No Show'),(437,821,13,'2019-03-20','2019-02-25',4,'Telemedicine',134,93,84,'No Show'),(438,822,14,'2019-03-21','2019-03-19',5,'Telemedicine',180,115,72,'No Show'),(439,823,15,'2019-03-22','2019-03-12',6,'Telemedicine',129,97,78,'No Show'),(440,824,16,'2019-03-23','2019-03-15',7,'Telemedicine',127,61,83,'Completed'),(441,825,17,'2019-03-24','2019-03-13',8,'Telemedicine',128,88,63,'Completed'),(443,827,19,'2019-03-26','2019-03-01',10,'Telemedicine',136,88,57,'Completed'),(444,828,30,'2019-03-27','2019-03-21',11,'Telemedicine',183,150,98,'Completed'),(445,829,21,'2019-03-28','2019-03-04',12,'Telemedicine',136,66,79,'Completed'),(446,830,1,'2019-03-29','2019-03-14',1,'Telemedicine',142,76,80,'Completed'),(447,831,2,'2019-03-30','2019-03-08',2,'Telemedicine',140,80,78,'Completed'),(448,832,3,'2019-03-31','2019-03-01',3,'Telemedicine',189,156,51,'Completed'),(449,833,4,'2019-04-01','2019-03-16',4,'Telemedicine',129,63,66,'Completed'),(450,834,5,'2019-04-02','2019-03-30',5,'Telemedicine',139,82,71,'Completed'),(451,835,6,'2019-04-03','2019-03-07',6,'Telemedicine',151,96,54,'Completed'),(452,836,7,'2019-04-04','2019-03-27',7,'Telemedicine',176,141,52,'Completed'),(453,837,8,'2019-04-05','2019-03-22',8,'New',133,64,68,'Completed'),(454,838,9,'2019-04-06','2019-03-29',9,'New',126,58,63,'Completed'),(456,840,11,'2019-04-08','2019-03-28',11,'New',156,102,79,'Completed'),(457,841,26,'2019-04-09','2019-04-06',12,'New',160,118,88,'Completed'),(458,842,13,'2019-04-10','2019-03-30',1,'New',125,93,57,'Completed'),(459,843,14,'2019-04-11','2019-03-14',2,'New',174,136,86,'Completed'),(460,844,15,'2019-04-12','2019-03-26',3,'New',141,90,65,'Completed'),(461,845,16,'2019-04-13','2019-04-11',4,'New',142,88,89,'Completed'),(462,846,17,'2019-04-14','2019-04-05',5,'New',139,85,88,'Completed'),(463,847,18,'2019-04-15','2019-03-25',6,'New',156,99,69,'Completed'),(464,848,19,'2019-04-16','2019-04-01',7,'New',138,100,68,'Completed'),(465,849,20,'2019-04-17','2019-03-28',8,'New',184,124,85,'Completed'),(466,850,21,'2019-04-18','2019-04-15',9,'New',145,110,51,'Completed'),(467,851,38,'2019-04-19','2019-04-14',10,'New',152,119,61,'Completed'),(468,852,23,'2019-04-20','2019-04-05',11,'New',187,144,73,'Completed'),(469,853,1,'2019-04-21','2019-04-01',12,'New',145,89,55,'Completed'),(470,854,2,'2019-04-22','2019-04-12',1,'New',189,134,81,'Completed'),(471,855,27,'2019-04-23','2019-04-09',2,'New',184,124,60,'Completed'),(472,856,4,'2019-04-24','2019-04-11',3,'New',168,131,92,'Completed'),(473,857,5,'2019-04-25','2019-04-11',4,'New',140,100,57,'Completed'),(474,858,6,'2019-04-26','2019-04-01',5,'New',132,102,69,'Completed'),(476,860,8,'2019-04-28','2019-03-30',7,'New',136,97,59,'Completed'),(477,861,9,'2019-04-29','2019-03-31',8,'New',188,132,94,'Completed'),(478,862,10,'2019-04-30','2019-04-19',9,'New',148,115,76,'Completed'),(479,863,11,'2019-05-01','2019-04-16',10,'New',148,80,86,'Canceled'),(480,864,12,'2019-05-02','2019-04-23',11,'New',176,145,88,'Canceled'),(481,865,13,'2019-05-03','2019-04-25',12,'New',150,85,62,'Canceled'),(482,866,14,'2019-05-04','2019-04-13',5,'New',190,125,70,'Canceled'),(483,867,15,'2019-01-01','2018-12-04',6,'New',186,140,89,'Canceled'),(484,868,16,'2019-01-02','2018-12-19',7,'Follow Up',178,110,76,'Canceled'),(485,869,17,'2019-01-03','2018-12-17',8,'Follow Up',122,65,74,'Canceled'),(486,870,18,'2019-01-04','2018-12-08',9,'Follow Up',122,91,56,'Canceled'),(487,871,19,'2019-01-05','2019-01-03',10,'Follow Up',130,94,99,'Canceled'),(488,872,20,'2019-01-06','2019-01-03',11,'Follow Up',175,120,99,'Canceled'),(489,873,21,'2019-01-07','2018-12-09',12,'Follow Up',146,88,85,'Canceled'),(490,874,22,'2019-01-08','2019-01-01',5,'Follow Up',151,105,94,'Canceled'),(491,875,23,'2019-01-09','2019-01-08',6,'Follow Up',175,133,55,'No Show'),(492,876,1,'2019-01-10','2018-12-16',7,'Follow Up',141,84,73,'No Show'),(493,877,2,'2019-01-11','2019-01-01',8,'Follow Up',159,125,76,'No Show'),(494,878,25,'2019-01-12','2018-12-20',9,'Follow Up',180,116,92,'No Show'),(495,879,4,'2019-01-13','2018-12-27',10,'Follow Up',151,116,95,'No Show'),(496,880,5,'2019-01-14','2018-12-23',11,'Follow Up',158,127,81,'No Show'),(497,881,6,'2019-01-15','2018-12-21',12,'Follow Up',137,103,58,'No Show'),(498,882,7,'2019-01-16','2018-12-20',10,'Follow Up',148,111,84,'No Show'),(499,883,8,'2019-01-17','2018-12-30',11,'Follow Up',174,121,84,'No Show'),(500,884,9,'2019-01-18','2019-01-12',12,'Follow Up',124,87,94,'No Show'),(501,885,10,'2019-01-19','2019-01-06',5,'Follow Up',157,100,62,'No Show'),(502,886,28,'2019-01-20','2018-12-28',6,'Follow Up',183,133,81,'No Show'),(503,887,12,'2019-01-21','2019-01-07',7,'Follow Up',131,74,97,'No Show'),(504,888,13,'2019-01-22','2019-01-09',8,'Telemedicine',185,155,75,'No Show'),(505,889,14,'2019-01-23','2019-01-22',9,'Telemedicine',136,99,67,'No Show'),(506,890,15,'2019-01-24','2019-01-21',10,'Telemedicine',184,147,71,'No Show'),(507,891,16,'2019-01-25','2019-01-14',11,'Telemedicine',155,112,74,'No Show'),(508,892,1,'2019-01-26','2018-12-30',12,'Telemedicine',131,69,66,'No Show'),(509,893,2,'2019-01-27','2019-01-26',5,'Telemedicine',183,151,79,'No Show'),(510,894,3,'2019-01-28','2019-01-17',6,'Telemedicine',152,111,69,'No Show'),(511,895,4,'2019-01-29','2019-01-11',7,'Telemedicine',169,131,85,'No Show'),(512,29,5,'2019-01-30','2019-01-20',8,'Telemedicine',153,105,60,'No Show'),(513,30,6,'2019-01-31','2019-01-15',9,'Telemedicine',158,99,50,'No Show'),(514,31,7,'2019-02-01','2019-01-23',10,'Telemedicine',126,87,64,'No Show'),(515,32,26,'2019-03-16','2019-02-20',11,'Telemedicine',131,85,89,'No Show'),(516,33,9,'2019-03-17','2019-03-05',10,'Telemedicine',170,106,57,'No Show'),(517,34,10,'2019-03-18','2019-03-07',11,'Telemedicine',175,107,62,'No Show'),(518,35,11,'2019-03-19','2019-03-18',12,'Telemedicine',161,122,97,'No Show'),(519,36,12,'2019-03-20','2019-03-01',5,'Telemedicine',157,126,89,'No Show'),(520,37,27,'2019-03-21','2019-03-07',6,'Telemedicine',153,107,62,'Completed'),(521,38,14,'2019-03-22','2019-03-16',7,'Physical',163,107,98,'Completed'),(522,39,1,'2019-03-23','2019-03-07',8,'Physical',182,125,80,'Completed'),(523,40,2,'2019-03-24','2019-03-13',9,'Physical',142,100,79,'Completed'),(524,41,3,'2019-03-25','2019-03-22',10,'Physical',188,135,69,'Completed'),(525,42,4,'2019-03-26','2019-03-15',11,'Physical',177,111,50,'Completed'),(526,43,5,'2019-03-27','2019-03-01',12,'Physical',133,83,91,'Completed'),(527,44,6,'2019-03-28','2019-03-16',5,'Physical',158,120,75,'Completed'),(528,45,7,'2019-03-29','2019-03-10',6,'Physical',122,74,77,'Completed'),(529,46,8,'2019-03-30','2019-03-25',7,'Physical',175,134,61,'Completed'),(531,48,10,'2019-04-01','2019-03-15',11,'Physical',180,149,92,'Completed'),(532,49,11,'2019-04-02','2019-03-17',10,'Physical',172,137,90,'Completed'),(533,50,12,'2019-04-03','2019-03-17',11,'Physical',183,144,83,'Completed'),(535,52,14,'2019-04-05','2019-03-22',5,'Physical',124,57,63,'Completed'),(536,53,15,'2019-04-06','2019-03-10',6,'Physical',157,95,71,'Completed'),(537,54,16,'2019-04-07','2019-04-04',7,'Physical',168,137,80,'Completed'),(539,56,18,'2019-04-09','2019-03-20',9,'Follow Up',125,65,55,'Completed'),(540,57,19,'2019-04-10','2019-03-30',10,'Follow Up',135,90,64,'Completed'),(541,58,20,'2019-04-11','2019-03-23',11,'Follow Up',166,106,79,'Completed'),(542,59,21,'2019-04-12','2019-04-02',12,'Follow Up',174,135,93,'Completed'),(543,60,22,'2019-04-13','2019-03-31',5,'Follow Up',138,92,60,'Completed'),(544,61,23,'2019-04-14','2019-03-22',6,'Follow Up',156,112,56,'Completed'),(545,62,1,'2019-04-15','2019-04-07',7,'Follow Up',175,127,91,'Completed'),(546,63,30,'2019-04-16','2019-04-09',8,'Follow Up',161,105,84,'Completed'),(547,64,3,'2019-04-17','2019-03-19',10,'Follow Up',124,88,54,'Completed'),(548,65,4,'2019-04-18','2019-04-02',11,'Follow Up',176,131,59,'Completed'),(551,68,7,'2019-04-21','2019-03-26',6,'Follow Up',178,119,53,'Completed'),(552,69,8,'2019-04-22','2019-04-10',7,'Follow Up',149,113,89,'Completed'),(553,70,9,'2019-04-28','2019-04-15',8,'Follow Up',171,134,66,'Completed'),(554,71,10,'2019-04-29','2019-04-22',10,'Follow Up',158,112,62,'Completed'),(556,73,12,'2019-05-01','2019-04-06',8,'Follow Up',172,103,100,'Completed'),(558,75,14,'2019-05-03','2019-04-14',10,'Follow Up',172,141,82,'Completed'),(559,76,15,'2019-05-04','2019-04-30',11,'Follow Up',138,81,78,'Completed'),(561,78,31,'2019-01-31','2019-01-25',1,'Follow Up',144,86,67,'Completed'),(562,79,18,'2019-02-01','2019-01-05',2,'Follow Up',122,83,68,'Completed'),(563,80,19,'2019-02-02','2019-01-18',3,'Follow Up',139,96,53,'Completed'),(564,81,20,'2019-02-03','2019-01-22',4,'Follow Up',153,95,88,'Completed'),(565,82,21,'2019-02-04','2019-01-07',5,'Telemedicine',128,86,75,'Completed'),(566,83,22,'2019-02-05','2019-01-17',6,'Telemedicine',166,117,99,'Completed'),(568,85,28,'2019-02-07','2019-01-14',8,'Telemedicine',137,68,68,'Completed'),(569,86,2,'2019-02-08','2019-01-10',9,'Telemedicine',124,60,72,'Completed'),(571,88,4,'2019-02-10','2019-01-17',11,'Telemedicine',145,88,69,'Completed'),(572,89,5,'2019-02-11','2019-01-27',12,'Telemedicine',132,78,56,'Completed'),(573,90,6,'2019-02-12','2019-02-10',1,'Telemedicine',161,109,87,'Completed'),(574,91,7,'2019-02-13','2019-01-19',2,'Telemedicine',136,72,98,'Completed'),(575,92,8,'2019-02-14','2019-01-26',3,'Telemedicine',130,73,65,'Completed'),(577,94,10,'2019-02-16','2019-01-19',5,'Telemedicine',173,127,60,'Completed'),(578,95,11,'2019-02-17','2019-01-27',6,'Telemedicine',164,116,67,'Completed'),(579,96,12,'2019-03-16','2019-03-11',7,'Telemedicine',175,115,87,'Completed'),(580,97,13,'2019-03-17','2019-02-25',8,'Telemedicine',189,156,86,'Completed'),(581,98,14,'2019-03-18','2019-02-22',9,'Telemedicine',139,90,95,'Completed'),(582,99,15,'2019-03-19','2019-02-17',10,'Telemedicine',180,146,79,'Completed'),(583,100,16,'2019-03-20','2019-03-19',11,'Telemedicine',173,132,71,'Completed'),(584,101,1,'2019-03-21','2019-03-02',12,'Telemedicine',121,71,100,'Completed'),(585,500,2,'2019-03-22','2019-03-11',1,'Telemedicine',181,142,87,'Completed'),(587,506,4,'2019-03-24','2019-03-23',3,'Telemedicine',181,146,71,'Completed'),(590,515,7,'2019-03-27','2019-02-25',6,'Physical',131,89,53,'Completed'),(592,521,9,'2019-03-29','2019-03-26',8,'Physical',148,97,53,'Completed'),(593,524,27,'2019-03-30','2019-03-14',9,'Physical',162,102,75,'Completed'),(594,527,30,'2019-03-31','2019-03-23',10,'Physical',156,116,83,'Completed'),(595,530,12,'2019-04-01','2019-03-21',11,'Physical',160,93,98,'Completed'),(596,533,13,'2019-04-02','2019-03-20',12,'Physical',143,95,64,'Completed'),(597,536,14,'2019-04-03','2019-03-13',1,'Physical',137,85,83,'Completed'),(598,539,15,'2019-04-04','2019-03-16',2,'Physical',184,120,67,'Completed'),(599,542,25,'2019-04-05','2019-03-18',3,'Physical',168,135,54,'Completed'),(600,545,17,'2019-04-06','2019-03-13',4,'Physical',128,96,61,'Completed'),(601,548,34,'2019-04-07','2019-03-17',5,'Physical',134,89,54,'Completed'),(602,551,19,'2019-04-08','2019-03-29',6,'Physical',146,80,84,'Completed'),(603,554,20,'2019-04-09','2019-03-28',7,'Physical',132,83,68,'Completed'),(606,563,23,'2019-04-12','2019-03-20',10,'Follow Up',179,125,80,'Completed'),(607,566,27,'2019-04-13','2019-04-06',11,'Follow Up',188,143,88,'Completed'),(608,569,40,'2019-04-14','2019-04-11',12,'Follow Up',178,127,95,'Completed'),(609,572,3,'2019-04-15','2019-03-26',1,'Follow Up',153,118,83,'Completed'),(610,575,4,'2019-04-16','2019-03-29',2,'Follow Up',178,144,90,'Completed'),(611,578,5,'2019-04-17','2019-04-01',3,'Follow Up',158,101,68,'Completed'),(612,581,6,'2019-04-18','2019-04-12',4,'Follow Up',143,88,87,'Completed'),(615,590,38,'2019-04-21','2019-03-23',7,'Follow Up',165,109,63,'Completed'),(616,593,10,'2019-04-22','2019-03-30',8,'Follow Up',129,75,50,'Completed'),(617,596,11,'2019-04-28','2019-04-17',9,'Follow Up',186,148,81,'Completed'),(618,599,40,'2019-04-29','2019-04-07',10,'Follow Up',146,107,86,'Completed'),(619,602,13,'2019-04-30','2019-03-31',11,'Follow Up',186,154,59,'Completed'),(621,608,15,'2019-05-02','2019-04-16',1,'Follow Up',188,146,66,'Completed'),(622,611,16,'2019-05-03','2019-04-17',2,'Follow Up',170,123,65,'Completed'),(623,614,17,'2019-05-04','2019-04-10',3,'Follow Up',146,110,87,'Completed'),(624,617,18,'2019-01-30','2019-01-16',4,'Follow Up',132,76,76,'Completed'),(628,629,3,'2019-02-03','2019-01-28',8,'Follow Up',157,112,57,'Completed'),(629,632,29,'2019-02-04','2019-01-12',9,'Follow Up',181,116,53,'Completed'),(630,635,5,'2019-02-05','2019-01-21',10,'Follow Up',173,141,73,'Completed'),(631,638,6,'2019-02-06','2019-01-09',11,'Follow Up',174,114,98,'Completed'),(632,641,7,'2019-02-07','2019-01-10',12,'Telemedicine',168,112,73,'Completed'),(633,644,28,'2019-02-08','2019-01-14',1,'Telemedicine',156,119,86,'Completed'),(634,647,9,'2019-02-07','2019-01-17',2,'Telemedicine',176,115,58,'Completed'),(636,653,11,'2019-02-09','2019-01-23',4,'Telemedicine',167,112,71,'Completed'),(637,656,12,'2019-02-10','2019-01-16',5,'Telemedicine',173,105,69,'Completed'),(638,659,13,'2019-02-11','2019-01-27',6,'Telemedicine',137,97,76,'Completed'),(639,662,36,'2019-02-12','2019-01-30',7,'Telemedicine',161,131,69,'Completed'),(641,668,38,'2019-02-14','2019-01-26',9,'Telemedicine',180,124,72,'Completed'),(642,90,17,'2019-02-15','2019-01-27',10,'Telemedicine',144,87,58,'Completed'),(643,90,18,'2019-02-16','2019-02-08',11,'Telemedicine',172,119,60,'Completed'),(644,90,19,'2019-02-17','2019-02-16',12,'Telemedicine',170,128,97,'Completed'),(646,90,21,'2019-03-17','2019-03-15',2,'Telemedicine',176,118,89,'Completed'),(647,90,22,'2019-03-18','2019-03-16',3,'Telemedicine',176,141,71,'Completed'),(648,800,31,'2019-03-19','2019-02-24',4,'Telemedicine',173,122,81,'Completed'),(649,801,1,'2019-03-20','2019-02-27',5,'Telemedicine',138,98,85,'Completed'),(650,802,34,'2019-03-21','2019-03-10',6,'Telemedicine',174,110,81,'Completed'),(651,803,3,'2019-03-22','2019-02-25',7,'Telemedicine',128,90,99,'Completed'),(652,804,4,'2019-03-23','2019-03-03',8,'Telemedicine',161,120,96,'Completed'),(653,805,5,'2019-03-24','2019-02-25',9,'Telemedicine',159,107,87,'Completed'),(654,806,6,'2019-03-25','2019-03-06',10,'Telemedicine',129,61,98,'Completed'),(655,807,7,'2019-03-26','2019-03-22',11,'Physical',161,125,60,'Completed'),(656,808,8,'2019-03-27','2019-02-27',12,'Physical',128,69,88,'Completed'),(657,809,9,'2019-03-28','2019-03-25',1,'Physical',123,68,79,'Completed'),(658,810,10,'2019-03-29','2019-03-11',2,'Physical',147,109,95,'Completed'),(659,811,11,'2019-03-30','2019-03-01',3,'Physical',134,103,75,'Completed'),(660,812,12,'2019-03-31','2019-03-22',4,'Physical',167,132,99,'Completed'),(661,813,13,'2019-04-01','2019-03-03',5,'Physical',177,135,51,'Completed'),(662,814,35,'2019-04-02','2019-03-24',6,'Physical',159,128,76,'Completed'),(664,816,16,'2019-02-07','2019-01-15',8,'Physical',126,66,69,'Completed'),(665,817,17,'2019-02-08','2019-01-09',9,'Physical',126,94,85,'Completed'),(667,819,19,'2019-02-10','2019-02-07',11,'Physical',173,142,72,'Completed'),(668,820,20,'2019-02-11','2019-01-18',12,'Physical',122,84,52,'Completed'),(669,821,21,'2019-02-12','2019-02-09',5,'Physical',185,132,92,'Completed'),(670,822,22,'2019-02-13','2019-01-15',6,'Physical',183,151,90,'Completed'),(671,823,23,'2019-02-14','2019-01-24',7,'Physical',171,116,86,'Completed'),(672,824,25,'2019-02-15','2019-02-05',8,'Physical',165,112,84,'Completed'),(674,826,3,'2019-02-17','2019-02-09',10,'Physical',126,87,96,'Completed'),(675,827,4,'2019-03-16','2019-03-11',11,'Physical',172,138,54,'Completed'),(677,829,6,'2019-03-18','2019-02-25',5,'Physical',164,127,89,'Completed'),(678,830,7,'2019-03-19','2019-02-27',6,'Physical',186,124,57,'Completed'),(679,831,8,'2019-03-20','2019-02-22',7,'Physical',187,118,88,'Completed'),(680,832,27,'2019-03-21','2019-03-16',8,'Physical',142,82,77,'Completed'),(682,834,11,'2019-03-23','2019-03-09',10,'Follow Up',179,112,78,'Completed'),(683,835,12,'2019-03-24','2019-03-11',11,'Follow Up',133,102,54,'Completed'),(685,837,14,'2019-03-26','2019-03-08',10,'Follow Up',139,78,63,'Completed'),(687,839,30,'2019-03-28','2019-03-03',12,'Follow Up',187,153,53,'Completed'),(688,840,17,'2019-03-29','2019-03-06',5,'Follow Up',175,139,79,'Completed'),(689,841,39,'2019-03-30','2019-03-27',6,'Follow Up',168,113,67,'Completed'),(690,842,19,'2019-03-31','2019-03-02',7,'Follow Up',187,152,63,'Completed'),(691,843,20,'2019-04-01','2019-03-09',8,'Follow Up',176,124,74,'Completed'),(693,845,22,'2019-04-03','2019-03-12',10,'Follow Up',168,102,51,'Completed'),(695,847,24,'2019-03-04','2019-02-05',12,'Follow Up',165,117,56,'Canceled'),(696,848,25,'2019-03-05','2019-02-15',5,'Follow Up',177,117,52,'Canceled'),(697,849,26,'2019-03-06','2019-02-12',6,'Follow Up',144,112,54,'Canceled'),(698,850,27,'2019-03-07','2019-02-25',7,'Follow Up',180,116,94,'Canceled'),(699,851,28,'2019-03-08','2019-02-08',8,'Follow Up',124,81,77,'Canceled'),(700,852,29,'2019-03-09','2019-02-09',9,'Follow Up',152,91,91,'Canceled'),(701,853,30,'2019-03-10','2019-02-12',10,'Follow Up',156,116,53,'Canceled'),(702,854,31,'2019-03-11','2019-02-14',11,'Follow Up',162,101,66,'Canceled'),(703,855,36,'2019-03-12','2019-02-19',10,'Follow Up',182,141,73,'Canceled'),(704,856,33,'2019-03-13','2019-03-11',11,'Follow Up',159,121,97,'Canceled'),(705,857,34,'2019-03-14','2019-03-02',12,'Follow Up',163,99,91,'Canceled'),(706,858,28,'2019-03-15','2019-02-22',5,'Follow Up',172,105,70,'Canceled'),(707,859,36,'2019-03-16','2019-02-26',6,'Follow Up',137,73,64,'No Show'),(708,860,37,'2019-03-17','2019-03-05',7,'Telemedicine',170,130,54,'No Show'),(709,861,38,'2019-03-18','2019-02-16',8,'Telemedicine',163,131,74,'No Show'),(710,862,1,'2019-03-19','2019-03-03',9,'Telemedicine',127,66,95,'No Show'),(711,863,1,'2019-03-20','2019-03-10',10,'Telemedicine',124,77,78,'No Show'),(712,864,2,'2019-03-21','2019-03-12',11,'Telemedicine',139,80,72,'No Show'),(713,865,3,'2019-03-22','2019-03-12',12,'Telemedicine',121,60,91,'No Show'),(714,866,4,'2019-03-23','2019-03-22',5,'Telemedicine',135,103,84,'No Show'),(715,867,5,'2019-03-24','2019-03-01',6,'Telemedicine',185,143,95,'No Show'),(716,868,6,'2019-03-25','2019-03-08',7,'Telemedicine',155,100,84,'No Show'),(717,869,7,'2019-03-26','2019-03-16',8,'Telemedicine',150,111,54,'No Show'),(718,870,8,'2019-03-27','2019-03-01',11,'Telemedicine',163,129,94,'No Show'),(719,871,9,'2019-03-28','2019-03-04',10,'Telemedicine',133,81,63,'No Show'),(720,872,10,'2019-03-29','2019-03-01',11,'Telemedicine',127,76,96,'No Show'),(721,873,11,'2019-03-30','2019-03-17',12,'Telemedicine',145,96,88,'No Show'),(722,874,39,'2019-03-31','2019-03-29',5,'Telemedicine',122,65,81,'No Show'),(723,875,13,'2019-04-01','2019-03-14',6,'Telemedicine',133,81,97,'No Show'),(724,876,14,'2019-04-02','2019-03-29',7,'Telemedicine',142,87,61,'No Show'),(725,877,15,'2019-04-03','2019-03-14',8,'Telemedicine',165,102,97,'No Show'),(726,878,16,'2019-04-04','2019-03-10',9,'Telemedicine',183,123,69,'No Show'),(727,879,17,'2019-04-05','2019-03-07',10,'Telemedicine',130,63,80,'No Show'),(728,880,18,'2019-04-06','2019-03-31',11,'Telemedicine',151,99,70,'No Show'),(729,881,19,'2019-03-03','2019-02-19',12,'Telemedicine',178,113,52,'No Show'),(730,882,20,'2019-03-04','2019-02-17',5,'Telemedicine',153,99,100,'No Show'),(731,883,21,'2019-03-05','2019-02-03',6,'Physical',145,75,59,'No Show'),(732,884,22,'2019-03-06','2019-03-04',7,'Physical',173,115,97,'No Show'),(733,885,23,'2019-03-07','2019-02-13',8,'Physical',158,99,51,'No Show'),(734,886,24,'2019-03-08','2019-02-09',10,'Physical',178,131,88,'No Show'),(735,887,37,'2019-03-09','2019-02-07',11,'Physical',176,130,71,'No Show'),(736,888,26,'2019-03-10','2019-02-23',12,'Physical',130,70,60,'No Show'),(737,889,27,'2019-03-11','2019-03-04',5,'Physical',180,127,87,'No Show'),(738,890,28,'2019-03-12','2019-03-09',6,'Physical',167,114,51,'Completed'),(739,891,29,'2019-03-13','2019-02-16',7,'Physical',179,148,52,'Completed'),(740,892,31,'2019-03-14','2019-03-11',8,'Physical',190,145,95,'Completed'),(741,893,31,'2019-03-15','2019-02-17',10,'Physical',181,150,73,'Completed'),(742,894,32,'2019-03-16','2019-03-13',7,'Physical',189,151,90,'Completed'),(743,895,33,'2019-03-17','2019-03-08',8,'Physical',130,91,95,'Completed'),(744,896,34,'2019-03-18','2019-03-02',9,'Physical',130,71,52,'Completed'),(746,898,36,'2019-03-20','2019-02-18',11,'Physical',162,131,57,'Completed'),(747,899,26,'2019-03-21','2019-03-01',12,'Physical',189,125,55,'Completed'),(748,900,38,'2019-03-22','2019-02-26',1,'Physical',121,82,88,'Completed'),(749,901,1,'2019-03-23','2019-02-22',2,'Physical',178,117,91,'Completed'),(750,902,1,'2019-03-24','2019-03-15',3,'Physical',189,124,95,'Completed'),(751,903,31,'2019-03-25','2019-03-13',4,'Physical',148,111,71,'Completed'),(752,904,3,'2019-03-26','2019-03-16',5,'Physical',162,93,93,'Completed'),(753,905,4,'2019-03-27','2019-03-21',6,'Physical',148,107,72,'Completed'),(754,906,37,'2019-03-28','2019-03-03',7,'Physical',130,90,92,'Completed'),(755,907,6,'2019-03-29','2019-03-22',8,'Physical',123,90,73,'Completed'),(756,908,7,'2019-03-30','2019-03-22',9,'Physical',154,86,91,'Completed'),(758,910,25,'2019-04-01','2019-03-25',11,'Follow Up',124,86,95,'Completed'),(759,911,10,'2019-04-02','2019-03-25',12,'Follow Up',126,92,79,'Completed'),(760,912,11,'2019-04-03','2019-03-14',1,'Follow Up',136,87,96,'Completed'),(761,913,12,'2019-04-04','2019-03-10',2,'Follow Up',131,69,78,'Completed'),(762,914,13,'2019-04-05','2019-03-28',3,'Follow Up',130,81,67,'Completed'),(763,915,14,'2019-04-06','2019-04-04',4,'Follow Up',160,115,72,'Completed'),(764,916,15,'2019-03-03','2019-02-15',5,'Follow Up',163,122,100,'Completed'),(765,850,16,'2019-03-04','2019-02-19',6,'Follow Up',162,114,70,'Completed'),(766,851,17,'2019-03-05','2019-02-04',7,'Follow Up',136,103,75,'Completed'),(767,852,18,'2019-03-06','2019-02-08',8,'Follow Up',166,116,65,'Completed'),(768,853,19,'2019-03-07','2019-03-05',9,'Follow Up',168,132,81,'Completed'),(770,855,36,'2019-03-09','2019-03-03',11,'Follow Up',152,111,56,'Completed'),(771,856,26,'2019-03-10','2019-02-28',12,'Follow Up',169,130,65,'Completed'),(772,857,23,'2019-03-11','2019-03-04',1,'Follow Up',152,83,63,'Completed'),(774,859,25,'2019-03-13','2019-02-15',3,'Follow Up',157,126,79,'Completed'),(775,860,26,'2019-03-14','2019-02-19',4,'Follow Up',136,74,67,'Completed'),(776,861,27,'2019-03-15','2019-02-23',5,'Follow Up',129,97,50,'Completed'),(777,862,28,'2019-03-16','2019-03-11',6,'Follow Up',140,87,64,'Canceled'),(778,863,29,'2019-03-17','2019-03-04',7,'Follow Up',142,100,83,'Canceled'),(779,864,30,'2019-03-18','2019-02-23',8,'Follow Up',128,96,87,'Canceled'),(780,865,39,'2019-03-19','2019-03-18',9,'Follow Up',162,107,64,'Canceled'),(781,866,26,'2019-03-20','2019-03-02',10,'Follow Up',162,113,64,'Canceled'),(782,867,33,'2019-03-21','2019-02-25',11,'Follow Up',152,107,55,'Canceled'),(783,868,34,'2019-03-22','2019-03-20',12,'Follow Up',147,113,62,'Canceled'),(784,869,35,'2019-03-23','2019-03-11',1,'Telemedicine',141,74,94,'Canceled'),(785,870,32,'2019-03-24','2019-03-23',2,'Telemedicine',170,117,51,'Canceled'),(786,871,34,'2019-03-25','2019-02-26',3,'Telemedicine',122,78,54,'Canceled'),(787,872,38,'2019-03-26','2019-02-24',4,'Telemedicine',140,71,67,'Canceled'),(788,873,1,'2019-03-27','2019-03-10',5,'Telemedicine',187,127,70,'Canceled'),(789,874,1,'2019-03-28','2019-03-05',6,'Telemedicine',161,112,71,'No Show'),(790,875,2,'2019-03-29','2019-03-28',7,'Telemedicine',168,133,64,'No Show'),(791,876,3,'2019-03-30','2019-03-05',8,'Telemedicine',185,134,61,'No Show'),(792,877,4,'2019-03-31','2019-03-11',9,'Telemedicine',181,130,64,'No Show'),(793,878,40,'2019-04-01','2019-03-05',10,'Telemedicine',136,93,55,'No Show'),(794,879,30,'2019-04-02','2019-03-19',11,'Telemedicine',133,99,81,'No Show'),(795,880,7,'2019-04-03','2019-03-23',12,'Telemedicine',161,129,55,'No Show'),(796,881,8,'2019-04-04','2019-03-20',1,'Telemedicine',153,103,81,'No Show'),(797,882,9,'2019-04-05','2019-03-24',2,'Telemedicine',132,94,88,'No Show'),(798,883,10,'2019-04-06','2019-03-15',3,'Telemedicine',146,89,66,'No Show'),(799,884,37,'2019-03-03','2019-02-25',4,'Telemedicine',132,98,82,'No Show'),(800,885,12,'2019-03-04','2019-02-15',5,'Telemedicine',124,73,62,'No Show'),(801,886,13,'2019-03-05','2019-02-04',6,'Telemedicine',171,122,72,'No Show'),(802,887,14,'2019-03-06','2019-02-13',7,'Telemedicine',130,70,71,'No Show'),(803,888,15,'2019-03-07','2019-02-25',8,'Telemedicine',173,136,58,'No Show'),(804,889,16,'2019-03-08','2019-02-26',9,'Telemedicine',128,62,51,'No Show'),(805,890,17,'2019-03-09','2019-03-05',10,'Telemedicine',170,119,90,'No Show'),(806,891,18,'2019-03-10','2019-02-12',11,'Telemedicine',133,87,77,'No Show'),(807,892,19,'2019-03-11','2019-02-16',12,'Physical',135,74,95,'No Show'),(808,893,20,'2019-03-12','2019-02-15',1,'Physical',175,132,59,'No Show'),(809,894,31,'2019-03-13','2019-02-28',2,'Physical',121,58,60,'No Show'),(810,895,22,'2019-03-14','2019-03-04',3,'Physical',150,100,56,'No Show'),(811,896,23,'2019-03-15','2019-03-11',4,'Physical',140,75,85,'No Show'),(812,897,24,'2019-03-16','2019-03-02',5,'Physical',138,104,56,'No Show'),(813,898,25,'2019-03-17','2019-03-01',6,'Physical',174,123,86,'No Show'),(814,899,26,'2019-03-18','2019-03-08',7,'Physical',149,106,57,'No Show'),(815,900,27,'2019-03-19','2019-02-26',8,'Physical',155,102,58,'No Show'),(816,901,28,'2019-03-20','2019-03-18',9,'Physical',176,112,70,'No Show'),(817,902,29,'2019-03-21','2019-02-27',10,'Physical',128,71,83,'No Show'),(819,904,31,'2019-03-23','2019-03-20',12,'Physical',161,106,94,'Completed'),(820,905,32,'2019-03-24','2019-02-27',1,'Physical',188,150,82,'Completed'),(821,906,33,'2019-03-25','2019-02-28',2,'Physical',165,129,66,'Completed'),(822,907,34,'2019-03-26','2019-03-17',3,'Physical',179,132,99,'Completed'),(823,908,35,'2019-03-27','2019-03-06',4,'Physical',177,108,52,'Completed'),(824,909,36,'2019-03-28','2019-03-26',5,'Follow Up',163,116,65,'Completed'),(826,911,38,'2019-03-04','2019-02-10',7,'Follow Up',132,74,93,'Completed'),(827,912,40,'2019-03-05','2019-02-26',8,'Follow Up',187,146,80,'Completed'),(828,913,1,'2019-03-06','2019-02-07',9,'Follow Up',148,117,52,'Completed'),(830,915,3,'2019-03-08','2019-02-28',11,'Follow Up',131,69,86,'Completed'),(831,916,4,'2019-03-09','2019-02-11',12,'Follow Up',179,130,76,'Completed'),(833,851,6,'2019-03-11','2019-03-10',2,'Follow Up',139,97,96,'Completed'),(834,852,7,'2019-03-12','2019-02-13',3,'Follow Up',137,68,75,'Completed'),(835,853,8,'2019-03-13','2019-02-22',4,'Follow Up',157,102,56,'Completed'),(836,854,9,'2019-03-14','2019-02-25',5,'Follow Up',130,81,78,'Completed'),(837,855,10,'2019-03-15','2019-02-22',6,'Follow Up',125,94,70,'Completed'),(839,857,12,'2019-03-17','2019-02-23',8,'Follow Up',190,131,72,'Completed'),(841,859,14,'2019-03-19','2019-02-20',10,'Follow Up',125,93,96,'Completed'),(842,860,15,'2019-03-20','2019-03-03',11,'Follow Up',160,104,74,'Completed'),(843,861,16,'2019-03-21','2019-03-14',12,'Follow Up',185,143,56,'Completed'),(844,862,17,'2019-03-22','2019-03-04',1,'Follow Up',188,127,64,'Completed'),(846,864,19,'2019-03-24','2019-03-16',3,'Follow Up',181,126,69,'Completed'),(847,865,35,'2019-03-25','2019-03-12',4,'Follow Up',188,118,60,'Completed'),(848,866,21,'2019-03-26','2019-03-13',5,'Follow Up',163,116,54,'Completed'),(849,867,39,'2019-03-27','2019-03-12',6,'Follow Up',124,75,99,'Completed'),(850,868,23,'2019-03-28','2019-03-10',7,'Follow Up',166,104,95,'Completed'),(851,869,24,'2019-03-29','2019-03-13',8,'Telemedicine',179,115,79,'Completed'),(852,870,25,'2019-03-30','2019-03-01',9,'Telemedicine',156,117,57,'Completed'),(853,871,26,'2019-03-31','2019-03-10',10,'Telemedicine',186,147,74,'Completed'),(854,872,27,'2019-04-01','2019-03-31',11,'Telemedicine',160,105,86,'Completed'),(855,873,28,'2019-04-02','2019-03-12',12,'Telemedicine',152,104,75,'Completed'),(857,875,37,'2019-04-04','2019-03-19',6,'Telemedicine',171,102,56,'Completed'),(858,876,31,'2019-04-05','2019-03-14',7,'Telemedicine',132,68,63,'Completed'),(859,877,32,'2019-04-06','2019-03-30',8,'Telemedicine',121,87,99,'Completed'),(860,878,33,'2019-02-05','2019-01-29',9,'Telemedicine',148,105,65,'Completed'),(861,879,34,'2019-02-06','2019-01-30',10,'Telemedicine',189,125,98,'Completed'),(862,880,35,'2019-02-07','2019-02-01',11,'Telemedicine',152,100,52,'Completed'),(863,881,36,'2019-02-08','2019-01-24',12,'Telemedicine',176,120,89,'Completed'),(864,882,37,'2019-02-09','2019-01-21',5,'Telemedicine',127,80,83,'Completed'),(865,883,1,'2019-02-10','2019-02-09',6,'Telemedicine',142,79,57,'Completed'),(866,884,2,'2019-02-11','2019-02-10',7,'Telemedicine',125,91,88,'Completed'),(867,885,3,'2019-02-12','2019-01-30',8,'Telemedicine',173,132,61,'Completed'),(868,886,4,'2019-02-13','2019-02-04',9,'Telemedicine',138,101,91,'Completed'),(869,887,5,'2019-02-14','2019-02-13',10,'New',157,108,95,'Completed'),(871,889,7,'2019-02-16','2019-01-20',12,'New',168,102,75,'Completed'),(872,890,8,'2019-02-17','2019-01-19',10,'New',187,118,67,'Completed'),(874,892,29,'2019-03-17','2019-02-25',12,'New',133,67,76,'Completed'),(875,893,11,'2019-03-18','2019-03-13',5,'New',147,85,71,'Completed'),(876,894,35,'2019-03-19','2019-03-11',6,'New',126,96,75,'Completed'),(877,895,13,'2019-03-20','2019-03-14',7,'New',121,70,80,'Completed'),(878,896,14,'2019-03-21','2019-03-18',8,'New',147,111,82,'Completed'),(879,897,15,'2019-03-22','2019-03-01',9,'New',137,78,70,'Completed'),(880,898,16,'2019-03-23','2019-03-12',10,'New',187,141,95,'Completed'),(881,899,17,'2019-03-24','2019-02-26',11,'New',176,136,69,'Completed'),(882,900,18,'2019-03-25','2019-03-24',12,'New',124,80,57,'Completed'),(883,901,19,'2019-03-26','2019-03-11',5,'New',146,113,68,'Completed'),(885,903,21,'2019-03-28','2019-03-22',7,'New',151,114,86,'Completed'),(886,904,22,'2019-03-29','2019-03-09',8,'New',163,123,65,'Completed'),(887,905,29,'2019-03-30','2019-03-11',9,'New',171,107,66,'Completed'),(888,906,24,'2019-03-31','2019-03-17',10,'New',190,137,53,'Completed'),(889,907,25,'2019-04-01','2019-03-08',11,'New',167,115,88,'Completed'),(891,909,27,'2019-04-03','2019-03-27',11,'New',177,117,64,'Completed'),(892,910,32,'2019-04-04','2019-03-30',12,'New',169,101,98,'Completed'),(893,911,29,'2019-04-05','2019-03-09',5,'New',149,104,60,'Completed'),(894,912,30,'2019-04-06','2019-03-27',6,'New',186,156,76,'Completed'),(898,916,34,'2019-04-10','2019-03-17',10,'New',163,98,68,'Completed'),(899,850,35,'2019-04-11','2019-03-16',11,'New',137,99,69,'Completed'),(900,851,36,'2019-04-12','2019-03-26',12,'Telemedicine',165,100,73,'Completed'),(901,852,37,'2019-04-13','2019-03-21',5,'Telemedicine',120,69,78,'Completed'),(902,853,38,'2019-04-14','2019-03-22',6,'Telemedicine',156,95,55,'Completed'),(903,854,1,'2019-04-15','2019-03-18',7,'Telemedicine',144,111,96,'Completed'),(905,856,38,'2019-04-17','2019-04-12',11,'Telemedicine',155,90,58,'Completed'),(907,858,1,'2019-04-19','2019-04-17',11,'Telemedicine',170,133,98,'Completed'),(908,859,2,'2019-04-20','2019-04-16',12,'Telemedicine',180,119,56,'Completed'),(909,860,3,'2019-04-21','2019-04-12',5,'Telemedicine',122,57,85,'Completed'),(910,861,28,'2019-04-22','2019-04-02',6,'Telemedicine',165,118,57,'Completed'),(911,862,32,'2019-04-28','2019-04-05',7,'Telemedicine',168,132,78,'Completed'),(914,865,8,'2019-05-01','2019-04-11',10,'Telemedicine',143,79,96,'Completed'),(915,866,9,'2019-05-02','2019-04-22',11,'Follow Up',151,87,55,'Completed'),(916,867,10,'2019-05-03','2019-04-20',12,'Follow Up',165,108,93,'Completed'),(917,868,11,'2019-05-04','2019-05-01',5,'Follow Up',127,93,53,'Completed'),(918,869,12,'2019-01-30','2019-01-13',6,'Follow Up',135,93,54,'Completed'),(919,870,13,'2019-01-31','2019-01-17',7,'Follow Up',165,105,96,'Completed'),(920,871,27,'2019-02-01','2019-01-26',8,'Follow Up',187,143,65,'Completed'),(921,872,15,'2019-02-02','2019-01-20',10,'Follow Up',154,109,67,'Completed'),(923,874,17,'2019-02-04','2019-01-05',12,'Follow Up',132,93,79,'Completed'),(924,875,18,'2019-02-05','2019-01-11',5,'Follow Up',136,77,75,'Completed'),(925,876,19,'2019-02-06','2019-01-07',6,'Follow Up',140,88,100,'Completed'),(926,877,20,'2019-02-07','2019-01-14',7,'Follow Up',183,122,53,'Completed'),(927,878,21,'2019-02-08','2019-02-02',8,'Follow Up',145,107,59,'Completed'),(928,879,22,'2019-02-09','2019-01-23',10,'Follow Up',186,148,99,'Completed'),(929,880,23,'2019-02-10','2019-01-22',8,'Follow Up',190,144,83,'Completed'),(930,881,24,'2019-02-11','2019-01-23',9,'Follow Up',186,153,98,'Completed'),(931,882,25,'2019-02-12','2019-01-23',10,'Follow Up',128,77,79,'Completed'),(932,883,26,'2019-02-13','2019-02-12',11,'Follow Up',145,97,50,'Completed'),(933,884,27,'2019-02-14','2019-01-22',12,'Telemedicine',190,144,75,'Completed'),(934,885,28,'2019-02-15','2019-02-09',5,'Telemedicine',184,145,75,'Completed'),(936,887,30,'2019-02-17','2019-02-15',7,'Telemedicine',137,87,96,'Completed'),(937,888,31,'2019-02-18','2019-01-24',8,'Telemedicine',156,118,73,'Completed'),(938,889,32,'2019-02-19','2019-01-23',10,'Telemedicine',160,111,71,'Completed'),(940,891,34,'2019-02-21','2019-02-02',12,'Telemedicine',168,134,66,'Completed'),(941,892,35,'2019-02-22','2019-01-29',5,'Telemedicine',182,148,86,'Completed'),(943,894,37,'2019-02-24','2019-02-08',11,'Telemedicine',147,92,59,'Completed'),(945,896,1,'2019-02-26','2019-02-21',5,'Telemedicine',126,60,68,'Completed'),(946,897,1,'2019-02-27','2019-02-08',6,'Telemedicine',123,76,99,'Completed'),(947,898,1,'2019-02-28','2019-02-09',12,'Telemedicine',146,100,95,'Completed'),(948,899,1,'2019-03-01','2019-01-31',5,'Telemedicine',187,141,95,'Completed'),(949,900,1,'2019-03-02','2019-02-17',6,'Telemedicine',145,112,76,'Completed'),(950,901,1,'2019-03-03','2019-02-23',7,'Telemedicine',150,98,77,'Completed');
/*!40000 ALTER TABLE `visits` ENABLE KEYS */;
UNLOCK TABLES;
/*!40103 SET TIME_ZONE=@OLD_TIME_ZONE */;

/*!40101 SET SQL_MODE=@OLD_SQL_MODE */;
/*!40014 SET FOREIGN_KEY_CHECKS=@OLD_FOREIGN_KEY_CHECKS */;
/*!40014 SET UNIQUE_CHECKS=@OLD_UNIQUE_CHECKS */;
/*!40101 SET CHARACTER_SET_CLIENT=@OLD_CHARACTER_SET_CLIENT */;
/*!40101 SET CHARACTER_SET_RESULTS=@OLD_CHARACTER_SET_RESULTS */;
/*!40101 SET COLLATION_CONNECTION=@OLD_COLLATION_CONNECTION */;
/*!40111 SET SQL_NOTES=@OLD_SQL_NOTES */;

-- Dump completed on 2024-09-27  9:39:55
